Data;Giornata;Fonte;Tema;Citazione;Author;Note;JS
01-gen;Global Family Day;https://un.org;Pace e famiglia;Ogni passo verso il cambiamento in pace e famiglia nasce da una scelta minuscola ma coerente.;Wakeify;"Oggi scegli una sola azione concreta legata a ""pace e famiglia"" e falla entro stasera, anche se è minuscola.";"{
  text: ""Ogni passo verso il cambiamento in pace e famiglia nasce da una scelta minuscola ma coerente."",
  author: ""Wakeify"",
  note: ""Oggi scegli una sola azione concreta legata a \""pace e famiglia\"" e falla entro stasera, anche se è minuscola.""
},"
04-gen;World Braille Day;https://un.org;Inclusione;Ogni passo verso il cambiamento in inclusione nasce da una scelta minuscola ma coerente.;Wakeify;"Oggi scegli una sola azione concreta legata a ""inclusione"" e falla entro stasera, anche se è minuscola.";"{
  text: ""Ogni passo verso il cambiamento in inclusione nasce da una scelta minuscola ma coerente."",
  author: ""Wakeify"",
  note: ""Oggi scegli una sola azione concreta legata a \""inclusione\"" e falla entro stasera, anche se è minuscola.""
},"
24-gen;International Day of Education;https://un.org;Educazione;Ogni passo verso il cambiamento in educazione nasce da una scelta minuscola ma coerente.;Wakeify;"Oggi scegli una sola azione concreta legata a ""educazione"" e falla entro stasera, anche se è minuscola.";"{
  text: ""Ogni passo verso il cambiamento in educazione nasce da una scelta minuscola ma coerente."",
  author: ""Wakeify"",
  note: ""Oggi scegli una sola azione concreta legata a \""educazione\"" e falla entro stasera, anche se è minuscola.""
},"
27-gen;International Holocaust Remembrance Day;https://un.org;Memoria;Ogni passo verso il cambiamento in memoria nasce da una scelta minuscola ma coerente.;Wakeify;"Oggi scegli una sola azione concreta legata a ""memoria"" e falla entro stasera, anche se è minuscola.";"{
  text: ""Ogni passo verso il cambiamento in memoria nasce da una scelta minuscola ma coerente."",
  author: ""Wakeify"",
  note: ""Oggi scegli una sola azione concreta legata a \""memoria\"" e falla entro stasera, anche se è minuscola.""
},"
02-feb;World Wetlands Day;https://un.org;Ambiente;Ogni passo verso il cambiamento in ambiente nasce da una scelta minuscola ma coerente.;Wakeify;"Oggi scegli una sola azione concreta legata a ""ambiente"" e falla entro stasera, anche se è minuscola.";"{
  text: ""Ogni passo verso il cambiamento in ambiente nasce da una scelta minuscola ma coerente."",
  author: ""Wakeify"",
  note: ""Oggi scegli una sola azione concreta legata a \""ambiente\"" e falla entro stasera, anche se è minuscola.""
},"
04-feb;World Cancer Day;https://who.int;Salute;Ogni passo verso il cambiamento in salute nasce da una scelta minuscola ma coerente.;Wakeify;"Oggi scegli una sola azione concreta legata a ""salute"" e falla entro stasera, anche se è minuscola.";"{
  text: ""Ogni passo verso il cambiamento in salute nasce da una scelta minuscola ma coerente."",
  author: ""Wakeify"",
  note: ""Oggi scegli una sola azione concreta legata a \""salute\"" e falla entro stasera, anche se è minuscola.""
},"
06-feb;International Day of Zero Tolerance to Female Genital Mutilation;https://un.org;Diritti;Ogni passo verso il cambiamento in diritti nasce da una scelta minuscola ma coerente.;Wakeify;"Oggi scegli una sola azione concreta legata a ""diritti"" e falla entro stasera, anche se è minuscola.";"{
  text: ""Ogni passo verso il cambiamento in diritti nasce da una scelta minuscola ma coerente."",
  author: ""Wakeify"",
  note: ""Oggi scegli una sola azione concreta legata a \""diritti\"" e falla entro stasera, anche se è minuscola.""
},"
11-feb;International Day of Women and Girls in Science;https://un.org;Scienza;Ogni passo verso il cambiamento in scienza nasce da una scelta minuscola ma coerente.;Wakeify;"Oggi scegli una sola azione concreta legata a ""scienza"" e falla entro stasera, anche se è minuscola.";"{
  text: ""Ogni passo verso il cambiamento in scienza nasce da una scelta minuscola ma coerente."",
  author: ""Wakeify"",
  note: ""Oggi scegli una sola azione concreta legata a \""scienza\"" e falla entro stasera, anche se è minuscola.""
},"
13-feb;World Radio Day;https://unesco.org;Comunicazione;Ogni passo verso il cambiamento in comunicazione nasce da una scelta minuscola ma coerente.;Wakeify;"Oggi scegli una sola azione concreta legata a ""comunicazione"" e falla entro stasera, anche se è minuscola.";"{
  text: ""Ogni passo verso il cambiamento in comunicazione nasce da una scelta minuscola ma coerente."",
  author: ""Wakeify"",
  note: ""Oggi scegli una sola azione concreta legata a \""comunicazione\"" e falla entro stasera, anche se è minuscola.""
},"
20-feb;World Social Justice Day;https://un.org;Giustizia;Ogni passo verso il cambiamento in giustizia nasce da una scelta minuscola ma coerente.;Wakeify;"Oggi scegli una sola azione concreta legata a ""giustizia"" e falla entro stasera, anche se è minuscola.";"{
  text: ""Ogni passo verso il cambiamento in giustizia nasce da una scelta minuscola ma coerente."",
  author: ""Wakeify"",
  note: ""Oggi scegli una sola azione concreta legata a \""giustizia\"" e falla entro stasera, anche se è minuscola.""
},"
21-feb;International Mother Language Day;https://unesco.org;Lingue;Ogni passo verso il cambiamento in lingue nasce da una scelta minuscola ma coerente.;Wakeify;"Oggi scegli una sola azione concreta legata a ""lingue"" e falla entro stasera, anche se è minuscola.";"{
  text: ""Ogni passo verso il cambiamento in lingue nasce da una scelta minuscola ma coerente."",
  author: ""Wakeify"",
  note: ""Oggi scegli una sola azione concreta legata a \""lingue\"" e falla entro stasera, anche se è minuscola.""
},"
01-mar;Zero Discrimination Day;https://un.org;Diritti;Ogni passo verso il cambiamento in diritti nasce da una scelta minuscola ma coerente.;Wakeify;"Oggi scegli una sola azione concreta legata a ""diritti"" e falla entro stasera, anche se è minuscola.";"{
  text: ""Ogni passo verso il cambiamento in diritti nasce da una scelta minuscola ma coerente."",
  author: ""Wakeify"",
  note: ""Oggi scegli una sola azione concreta legata a \""diritti\"" e falla entro stasera, anche se è minuscola.""
},"
03-mar;World Wildlife Day;https://un.org;Animali;Ogni passo verso il cambiamento in animali nasce da una scelta minuscola ma coerente.;Wakeify;"Oggi scegli una sola azione concreta legata a ""animali"" e falla entro stasera, anche se è minuscola.";"{
  text: ""Ogni passo verso il cambiamento in animali nasce da una scelta minuscola ma coerente."",
  author: ""Wakeify"",
  note: ""Oggi scegli una sola azione concreta legata a \""animali\"" e falla entro stasera, anche se è minuscola.""
},"
08-mar;International Women’s Day;https://un.org;Parità;Ogni passo verso il cambiamento in parità nasce da una scelta minuscola ma coerente.;Wakeify;"Oggi scegli una sola azione concreta legata a ""parità"" e falla entro stasera, anche se è minuscola.";"{
  text: ""Ogni passo verso il cambiamento in parità nasce da una scelta minuscola ma coerente."",
  author: ""Wakeify"",
  note: ""Oggi scegli una sola azione concreta legata a \""parità\"" e falla entro stasera, anche se è minuscola.""
},"
20-mar;International Day of Happiness;https://un.org;Benessere;Ogni passo verso il cambiamento in benessere nasce da una scelta minuscola ma coerente.;Wakeify;"Oggi scegli una sola azione concreta legata a ""benessere"" e falla entro stasera, anche se è minuscola.";"{
  text: ""Ogni passo verso il cambiamento in benessere nasce da una scelta minuscola ma coerente."",
  author: ""Wakeify"",
  note: ""Oggi scegli una sola azione concreta legata a \""benessere\"" e falla entro stasera, anche se è minuscola.""
},"
21-mar;International Day for the Elimination of Racial Discrimination;https://un.org;Diritti;Ogni passo verso il cambiamento in diritti nasce da una scelta minuscola ma coerente.;Wakeify;"Oggi scegli una sola azione concreta legata a ""diritti"" e falla entro stasera, anche se è minuscola.";"{
  text: ""Ogni passo verso il cambiamento in diritti nasce da una scelta minuscola ma coerente."",
  author: ""Wakeify"",
  note: ""Oggi scegli una sola azione concreta legata a \""diritti\"" e falla entro stasera, anche se è minuscola.""
},"
21-mar;World Poetry Day;https://unesco.org;Cultura;Ogni passo verso il cambiamento in cultura nasce da una scelta minuscola ma coerente.;Wakeify;"Oggi scegli una sola azione concreta legata a ""cultura"" e falla entro stasera, anche se è minuscola.";"{
  text: ""Ogni passo verso il cambiamento in cultura nasce da una scelta minuscola ma coerente."",
  author: ""Wakeify"",
  note: ""Oggi scegli una sola azione concreta legata a \""cultura\"" e falla entro stasera, anche se è minuscola.""
},"
22-mar;World Water Day;https://un.org;Ambiente;Ogni passo verso il cambiamento in ambiente nasce da una scelta minuscola ma coerente.;Wakeify;"Oggi scegli una sola azione concreta legata a ""ambiente"" e falla entro stasera, anche se è minuscola.";"{
  text: ""Ogni passo verso il cambiamento in ambiente nasce da una scelta minuscola ma coerente."",
  author: ""Wakeify"",
  note: ""Oggi scegli una sola azione concreta legata a \""ambiente\"" e falla entro stasera, anche se è minuscola.""
},"
23-mar;World Meteorological Day;https://wmo.int;Scienza;Ogni passo verso il cambiamento in scienza nasce da una scelta minuscola ma coerente.;Wakeify;"Oggi scegli una sola azione concreta legata a ""scienza"" e falla entro stasera, anche se è minuscola.";"{
  text: ""Ogni passo verso il cambiamento in scienza nasce da una scelta minuscola ma coerente."",
  author: ""Wakeify"",
  note: ""Oggi scegli una sola azione concreta legata a \""scienza\"" e falla entro stasera, anche se è minuscola.""
},"
24-mar;World Tuberculosis Day;https://who.int;Salute;Ogni passo verso il cambiamento in salute nasce da una scelta minuscola ma coerente.;Wakeify;"Oggi scegli una sola azione concreta legata a ""salute"" e falla entro stasera, anche se è minuscola.";"{
  text: ""Ogni passo verso il cambiamento in salute nasce da una scelta minuscola ma coerente."",
  author: ""Wakeify"",
  note: ""Oggi scegli una sola azione concreta legata a \""salute\"" e falla entro stasera, anche se è minuscola.""
},"
02-apr;World Autism Awareness Day;https://un.org;Salute;Ogni passo verso il cambiamento in salute nasce da una scelta minuscola ma coerente.;Wakeify;"Oggi scegli una sola azione concreta legata a ""salute"" e falla entro stasera, anche se è minuscola.";"{
  text: ""Ogni passo verso il cambiamento in salute nasce da una scelta minuscola ma coerente."",
  author: ""Wakeify"",
  note: ""Oggi scegli una sola azione concreta legata a \""salute\"" e falla entro stasera, anche se è minuscola.""
},"
04-apr;International Day for Mine Awareness;https://un.org;Pace;Ogni passo verso il cambiamento in pace nasce da una scelta minuscola ma coerente.;Wakeify;"Oggi scegli una sola azione concreta legata a ""pace"" e falla entro stasera, anche se è minuscola.";"{
  text: ""Ogni passo verso il cambiamento in pace nasce da una scelta minuscola ma coerente."",
  author: ""Wakeify"",
  note: ""Oggi scegli una sola azione concreta legata a \""pace\"" e falla entro stasera, anche se è minuscola.""
},"
06-apr;International Day of Sport for Development and Peace;https://un.org;Sport;Ogni passo verso il cambiamento in sport nasce da una scelta minuscola ma coerente.;Wakeify;"Oggi scegli una sola azione concreta legata a ""sport"" e falla entro stasera, anche se è minuscola.";"{
  text: ""Ogni passo verso il cambiamento in sport nasce da una scelta minuscola ma coerente."",
  author: ""Wakeify"",
  note: ""Oggi scegli una sola azione concreta legata a \""sport\"" e falla entro stasera, anche se è minuscola.""
},"
07-apr;World Health Day;https://who.int;Salute;Ogni passo verso il cambiamento in salute nasce da una scelta minuscola ma coerente.;Wakeify;"Oggi scegli una sola azione concreta legata a ""salute"" e falla entro stasera, anche se è minuscola.";"{
  text: ""Ogni passo verso il cambiamento in salute nasce da una scelta minuscola ma coerente."",
  author: ""Wakeify"",
  note: ""Oggi scegli una sola azione concreta legata a \""salute\"" e falla entro stasera, anche se è minuscola.""
},"
12-apr;International Day of Human Space Flight;https://un.org;Spazio;Ogni passo verso il cambiamento in spazio nasce da una scelta minuscola ma coerente.;Wakeify;"Oggi scegli una sola azione concreta legata a ""spazio"" e falla entro stasera, anche se è minuscola.";"{
  text: ""Ogni passo verso il cambiamento in spazio nasce da una scelta minuscola ma coerente."",
  author: ""Wakeify"",
  note: ""Oggi scegli una sola azione concreta legata a \""spazio\"" e falla entro stasera, anche se è minuscola.""
},"
22-apr;Earth Day;https://earthday.org;Ambiente;Ogni passo verso il cambiamento in ambiente nasce da una scelta minuscola ma coerente.;Wakeify;"Oggi scegli una sola azione concreta legata a ""ambiente"" e falla entro stasera, anche se è minuscola.";"{
  text: ""Ogni passo verso il cambiamento in ambiente nasce da una scelta minuscola ma coerente."",
  author: ""Wakeify"",
  note: ""Oggi scegli una sola azione concreta legata a \""ambiente\"" e falla entro stasera, anche se è minuscola.""
},"
23-apr;World Book and Copyright Day;https://unesco.org;Cultura;Ogni passo verso il cambiamento in cultura nasce da una scelta minuscola ma coerente.;Wakeify;"Oggi scegli una sola azione concreta legata a ""cultura"" e falla entro stasera, anche se è minuscola.";"{
  text: ""Ogni passo verso il cambiamento in cultura nasce da una scelta minuscola ma coerente."",
  author: ""Wakeify"",
  note: ""Oggi scegli una sola azione concreta legata a \""cultura\"" e falla entro stasera, anche se è minuscola.""
},"
25-apr;World Malaria Day;https://who.int;Salute;Ogni passo verso il cambiamento in salute nasce da una scelta minuscola ma coerente.;Wakeify;"Oggi scegli una sola azione concreta legata a ""salute"" e falla entro stasera, anche se è minuscola.";"{
  text: ""Ogni passo verso il cambiamento in salute nasce da una scelta minuscola ma coerente."",
  author: ""Wakeify"",
  note: ""Oggi scegli una sola azione concreta legata a \""salute\"" e falla entro stasera, anche se è minuscola.""
},"
26-apr;World Intellectual Property Day;https://wipo.int;Innovazione;Ogni passo verso il cambiamento in innovazione nasce da una scelta minuscola ma coerente.;Wakeify;"Oggi scegli una sola azione concreta legata a ""innovazione"" e falla entro stasera, anche se è minuscola.";"{
  text: ""Ogni passo verso il cambiamento in innovazione nasce da una scelta minuscola ma coerente."",
  author: ""Wakeify"",
  note: ""Oggi scegli una sola azione concreta legata a \""innovazione\"" e falla entro stasera, anche se è minuscola.""
},"
28-apr;World Day for Safety and Health at Work;https://ilo.org;Lavoro;Ogni passo verso il cambiamento in lavoro nasce da una scelta minuscola ma coerente.;Wakeify;"Oggi scegli una sola azione concreta legata a ""lavoro"" e falla entro stasera, anche se è minuscola.";"{
  text: ""Ogni passo verso il cambiamento in lavoro nasce da una scelta minuscola ma coerente."",
  author: ""Wakeify"",
  note: ""Oggi scegli una sola azione concreta legata a \""lavoro\"" e falla entro stasera, anche se è minuscola.""
},"
30-apr;International Jazz Day;https://unesco.org;Musica;Ogni passo verso il cambiamento in musica nasce da una scelta minuscola ma coerente.;Wakeify;"Oggi scegli una sola azione concreta legata a ""musica"" e falla entro stasera, anche se è minuscola.";"{
  text: ""Ogni passo verso il cambiamento in musica nasce da una scelta minuscola ma coerente."",
  author: ""Wakeify"",
  note: ""Oggi scegli una sola azione concreta legata a \""musica\"" e falla entro stasera, anche se è minuscola.""
},"
01-mag;International Workers’ Day;https://ilo.org;Lavoro;Ogni passo verso il cambiamento in lavoro nasce da una scelta minuscola ma coerente.;Wakeify;"Oggi scegli una sola azione concreta legata a ""lavoro"" e falla entro stasera, anche se è minuscola.";"{
  text: ""Ogni passo verso il cambiamento in lavoro nasce da una scelta minuscola ma coerente."",
  author: ""Wakeify"",
  note: ""Oggi scegli una sola azione concreta legata a \""lavoro\"" e falla entro stasera, anche se è minuscola.""
},"
03-mag;World Press Freedom Day;https://unesco.org;Diritti;Ogni passo verso il cambiamento in diritti nasce da una scelta minuscola ma coerente.;Wakeify;"Oggi scegli una sola azione concreta legata a ""diritti"" e falla entro stasera, anche se è minuscola.";"{
  text: ""Ogni passo verso il cambiamento in diritti nasce da una scelta minuscola ma coerente."",
  author: ""Wakeify"",
  note: ""Oggi scegli una sola azione concreta legata a \""diritti\"" e falla entro stasera, anche se è minuscola.""
},"
08-mag;International Red Cross Day;https://icrc.org;Umanitario;Ogni passo verso il cambiamento in umanitario nasce da una scelta minuscola ma coerente.;Wakeify;"Oggi scegli una sola azione concreta legata a ""umanitario"" e falla entro stasera, anche se è minuscola.";"{
  text: ""Ogni passo verso il cambiamento in umanitario nasce da una scelta minuscola ma coerente."",
  author: ""Wakeify"",
  note: ""Oggi scegli una sola azione concreta legata a \""umanitario\"" e falla entro stasera, anche se è minuscola.""
},"
12-mag;International Nurses Day;https://icn.ch;Salute;Ogni passo verso il cambiamento in salute nasce da una scelta minuscola ma coerente.;Wakeify;"Oggi scegli una sola azione concreta legata a ""salute"" e falla entro stasera, anche se è minuscola.";"{
  text: ""Ogni passo verso il cambiamento in salute nasce da una scelta minuscola ma coerente."",
  author: ""Wakeify"",
  note: ""Oggi scegli una sola azione concreta legata a \""salute\"" e falla entro stasera, anche se è minuscola.""
},"
15-mag;International Day of Families;https://un.org;Famiglia;Ogni passo verso il cambiamento in famiglia nasce da una scelta minuscola ma coerente.;Wakeify;"Oggi scegli una sola azione concreta legata a ""famiglia"" e falla entro stasera, anche se è minuscola.";"{
  text: ""Ogni passo verso il cambiamento in famiglia nasce da una scelta minuscola ma coerente."",
  author: ""Wakeify"",
  note: ""Oggi scegli una sola azione concreta legata a \""famiglia\"" e falla entro stasera, anche se è minuscola.""
},"
17-mag;World Telecommunication Day;https://itu.int;Tecnologia;Ogni passo verso il cambiamento in tecnologia nasce da una scelta minuscola ma coerente.;Wakeify;"Oggi scegli una sola azione concreta legata a ""tecnologia"" e falla entro stasera, anche se è minuscola.";"{
  text: ""Ogni passo verso il cambiamento in tecnologia nasce da una scelta minuscola ma coerente."",
  author: ""Wakeify"",
  note: ""Oggi scegli una sola azione concreta legata a \""tecnologia\"" e falla entro stasera, anche se è minuscola.""
},"
21-mag;World Day for Cultural Diversity;https://un.org;Cultura;Ogni passo verso il cambiamento in cultura nasce da una scelta minuscola ma coerente.;Wakeify;"Oggi scegli una sola azione concreta legata a ""cultura"" e falla entro stasera, anche se è minuscola.";"{
  text: ""Ogni passo verso il cambiamento in cultura nasce da una scelta minuscola ma coerente."",
  author: ""Wakeify"",
  note: ""Oggi scegli una sola azione concreta legata a \""cultura\"" e falla entro stasera, anche se è minuscola.""
},"
22-mag;International Day for Biological Diversity;https://un.org;Ambiente;Ogni passo verso il cambiamento in ambiente nasce da una scelta minuscola ma coerente.;Wakeify;"Oggi scegli una sola azione concreta legata a ""ambiente"" e falla entro stasera, anche se è minuscola.";"{
  text: ""Ogni passo verso il cambiamento in ambiente nasce da una scelta minuscola ma coerente."",
  author: ""Wakeify"",
  note: ""Oggi scegli una sola azione concreta legata a \""ambiente\"" e falla entro stasera, anche se è minuscola.""
},"
31-mag;World No Tobacco Day;https://who.int;Salute;Ogni passo verso il cambiamento in salute nasce da una scelta minuscola ma coerente.;Wakeify;"Oggi scegli una sola azione concreta legata a ""salute"" e falla entro stasera, anche se è minuscola.";"{
  text: ""Ogni passo verso il cambiamento in salute nasce da una scelta minuscola ma coerente."",
  author: ""Wakeify"",
  note: ""Oggi scegli una sola azione concreta legata a \""salute\"" e falla entro stasera, anche se è minuscola.""
},"
01-giu;Global Day of Parents;https://un.org;Famiglia;Ogni passo verso il cambiamento in famiglia nasce da una scelta minuscola ma coerente.;Wakeify;"Oggi scegli una sola azione concreta legata a ""famiglia"" e falla entro stasera, anche se è minuscola.";"{
  text: ""Ogni passo verso il cambiamento in famiglia nasce da una scelta minuscola ma coerente."",
  author: ""Wakeify"",
  note: ""Oggi scegli una sola azione concreta legata a \""famiglia\"" e falla entro stasera, anche se è minuscola.""
},"
05-giu;World Environment Day;https://un.org;Ambiente;Ogni passo verso il cambiamento in ambiente nasce da una scelta minuscola ma coerente.;Wakeify;"Oggi scegli una sola azione concreta legata a ""ambiente"" e falla entro stasera, anche se è minuscola.";"{
  text: ""Ogni passo verso il cambiamento in ambiente nasce da una scelta minuscola ma coerente."",
  author: ""Wakeify"",
  note: ""Oggi scegli una sola azione concreta legata a \""ambiente\"" e falla entro stasera, anche se è minuscola.""
},"
08-giu;World Oceans Day;https://un.org;Ambiente;Ogni passo verso il cambiamento in ambiente nasce da una scelta minuscola ma coerente.;Wakeify;"Oggi scegli una sola azione concreta legata a ""ambiente"" e falla entro stasera, anche se è minuscola.";"{
  text: ""Ogni passo verso il cambiamento in ambiente nasce da una scelta minuscola ma coerente."",
  author: ""Wakeify"",
  note: ""Oggi scegli una sola azione concreta legata a \""ambiente\"" e falla entro stasera, anche se è minuscola.""
},"
12-giu;World Day Against Child Labour;https://ilo.org;Diritti;Ogni passo verso il cambiamento in diritti nasce da una scelta minuscola ma coerente.;Wakeify;"Oggi scegli una sola azione concreta legata a ""diritti"" e falla entro stasera, anche se è minuscola.";"{
  text: ""Ogni passo verso il cambiamento in diritti nasce da una scelta minuscola ma coerente."",
  author: ""Wakeify"",
  note: ""Oggi scegli una sola azione concreta legata a \""diritti\"" e falla entro stasera, anche se è minuscola.""
},"
14-giu;World Blood Donor Day;https://who.int;Salute;Ogni passo verso il cambiamento in salute nasce da una scelta minuscola ma coerente.;Wakeify;"Oggi scegli una sola azione concreta legata a ""salute"" e falla entro stasera, anche se è minuscola.";"{
  text: ""Ogni passo verso il cambiamento in salute nasce da una scelta minuscola ma coerente."",
  author: ""Wakeify"",
  note: ""Oggi scegli una sola azione concreta legata a \""salute\"" e falla entro stasera, anche se è minuscola.""
},"
15-giu;World Elder Abuse Awareness Day;https://un.org;Diritti;Ogni passo verso il cambiamento in diritti nasce da una scelta minuscola ma coerente.;Wakeify;"Oggi scegli una sola azione concreta legata a ""diritti"" e falla entro stasera, anche se è minuscola.";"{
  text: ""Ogni passo verso il cambiamento in diritti nasce da una scelta minuscola ma coerente."",
  author: ""Wakeify"",
  note: ""Oggi scegli una sola azione concreta legata a \""diritti\"" e falla entro stasera, anche se è minuscola.""
},"
20-giu;World Refugee Day;https://un.org;Diritti;Ogni passo verso il cambiamento in diritti nasce da una scelta minuscola ma coerente.;Wakeify;"Oggi scegli una sola azione concreta legata a ""diritti"" e falla entro stasera, anche se è minuscola.";"{
  text: ""Ogni passo verso il cambiamento in diritti nasce da una scelta minuscola ma coerente."",
  author: ""Wakeify"",
  note: ""Oggi scegli una sola azione concreta legata a \""diritti\"" e falla entro stasera, anche se è minuscola.""
},"
21-giu;International Yoga Day;https://un.org;Benessere;Ogni passo verso il cambiamento in benessere nasce da una scelta minuscola ma coerente.;Wakeify;"Oggi scegli una sola azione concreta legata a ""benessere"" e falla entro stasera, anche se è minuscola.";"{
  text: ""Ogni passo verso il cambiamento in benessere nasce da una scelta minuscola ma coerente."",
  author: ""Wakeify"",
  note: ""Oggi scegli una sola azione concreta legata a \""benessere\"" e falla entro stasera, anche se è minuscola.""
},"
26-giu;International Day Against Drug Abuse;https://un.org;Salute;Ogni passo verso il cambiamento in salute nasce da una scelta minuscola ma coerente.;Wakeify;"Oggi scegli una sola azione concreta legata a ""salute"" e falla entro stasera, anche se è minuscola.";"{
  text: ""Ogni passo verso il cambiamento in salute nasce da una scelta minuscola ma coerente."",
  author: ""Wakeify"",
  note: ""Oggi scegli una sola azione concreta legata a \""salute\"" e falla entro stasera, anche se è minuscola.""
},"
30-giu;International Asteroid Day;https://un.org;Scienza;Ogni passo verso il cambiamento in scienza nasce da una scelta minuscola ma coerente.;Wakeify;"Oggi scegli una sola azione concreta legata a ""scienza"" e falla entro stasera, anche se è minuscola.";"{
  text: ""Ogni passo verso il cambiamento in scienza nasce da una scelta minuscola ma coerente."",
  author: ""Wakeify"",
  note: ""Oggi scegli una sola azione concreta legata a \""scienza\"" e falla entro stasera, anche se è minuscola.""
},"
01-lug;International Joke Day;misc;Cultura;Ogni passo verso il cambiamento in cultura nasce da una scelta minuscola ma coerente.;Wakeify;"Oggi scegli una sola azione concreta legata a ""cultura"" e falla entro stasera, anche se è minuscola.";"{
  text: ""Ogni passo verso il cambiamento in cultura nasce da una scelta minuscola ma coerente."",
  author: ""Wakeify"",
  note: ""Oggi scegli una sola azione concreta legata a \""cultura\"" e falla entro stasera, anche se è minuscola.""
},"
11-lug;World Population Day;https://un.org;Società;Ogni passo verso il cambiamento in società nasce da una scelta minuscola ma coerente.;Wakeify;"Oggi scegli una sola azione concreta legata a ""società"" e falla entro stasera, anche se è minuscola.";"{
  text: ""Ogni passo verso il cambiamento in società nasce da una scelta minuscola ma coerente."",
  author: ""Wakeify"",
  note: ""Oggi scegli una sola azione concreta legata a \""società\"" e falla entro stasera, anche se è minuscola.""
},"
15-lug;World Youth Skills Day;https://un.org;Giovani;Ogni passo verso il cambiamento in giovani nasce da una scelta minuscola ma coerente.;Wakeify;"Oggi scegli una sola azione concreta legata a ""giovani"" e falla entro stasera, anche se è minuscola.";"{
  text: ""Ogni passo verso il cambiamento in giovani nasce da una scelta minuscola ma coerente."",
  author: ""Wakeify"",
  note: ""Oggi scegli una sola azione concreta legata a \""giovani\"" e falla entro stasera, anche se è minuscola.""
},"
18-lug;Nelson Mandela International Day;https://un.org;Diritti;Ogni passo verso il cambiamento in diritti nasce da una scelta minuscola ma coerente.;Wakeify;"Oggi scegli una sola azione concreta legata a ""diritti"" e falla entro stasera, anche se è minuscola.";"{
  text: ""Ogni passo verso il cambiamento in diritti nasce da una scelta minuscola ma coerente."",
  author: ""Wakeify"",
  note: ""Oggi scegli una sola azione concreta legata a \""diritti\"" e falla entro stasera, anche se è minuscola.""
},"
28-lug;World Hepatitis Day;https://who.int;Salute;Ogni passo verso il cambiamento in salute nasce da una scelta minuscola ma coerente.;Wakeify;"Oggi scegli una sola azione concreta legata a ""salute"" e falla entro stasera, anche se è minuscola.";"{
  text: ""Ogni passo verso il cambiamento in salute nasce da una scelta minuscola ma coerente."",
  author: ""Wakeify"",
  note: ""Oggi scegli una sola azione concreta legata a \""salute\"" e falla entro stasera, anche se è minuscola.""
},"
30-lug;International Day of Friendship;https://un.org;Sociale;Ogni passo verso il cambiamento in sociale nasce da una scelta minuscola ma coerente.;Wakeify;"Oggi scegli una sola azione concreta legata a ""sociale"" e falla entro stasera, anche se è minuscola.";"{
  text: ""Ogni passo verso il cambiamento in sociale nasce da una scelta minuscola ma coerente."",
  author: ""Wakeify"",
  note: ""Oggi scegli una sola azione concreta legata a \""sociale\"" e falla entro stasera, anche se è minuscola.""
},"
09-ago;International Day of Indigenous Peoples;https://un.org;Diritti;Ogni passo verso il cambiamento in diritti nasce da una scelta minuscola ma coerente.;Wakeify;"Oggi scegli una sola azione concreta legata a ""diritti"" e falla entro stasera, anche se è minuscola.";"{
  text: ""Ogni passo verso il cambiamento in diritti nasce da una scelta minuscola ma coerente."",
  author: ""Wakeify"",
  note: ""Oggi scegli una sola azione concreta legata a \""diritti\"" e falla entro stasera, anche se è minuscola.""
},"
12-ago;International Youth Day;https://un.org;Giovani;Ogni passo verso il cambiamento in giovani nasce da una scelta minuscola ma coerente.;Wakeify;"Oggi scegli una sola azione concreta legata a ""giovani"" e falla entro stasera, anche se è minuscola.";"{
  text: ""Ogni passo verso il cambiamento in giovani nasce da una scelta minuscola ma coerente."",
  author: ""Wakeify"",
  note: ""Oggi scegli una sola azione concreta legata a \""giovani\"" e falla entro stasera, anche se è minuscola.""
},"
19-ago;World Humanitarian Day;https://un.org;Umanitario;Ogni passo verso il cambiamento in umanitario nasce da una scelta minuscola ma coerente.;Wakeify;"Oggi scegli una sola azione concreta legata a ""umanitario"" e falla entro stasera, anche se è minuscola.";"{
  text: ""Ogni passo verso il cambiamento in umanitario nasce da una scelta minuscola ma coerente."",
  author: ""Wakeify"",
  note: ""Oggi scegli una sola azione concreta legata a \""umanitario\"" e falla entro stasera, anche se è minuscola.""
},"
21-ago;International Day of Remembrance of Terrorism Victims;https://un.org;Pace;Ogni passo verso il cambiamento in pace nasce da una scelta minuscola ma coerente.;Wakeify;"Oggi scegli una sola azione concreta legata a ""pace"" e falla entro stasera, anche se è minuscola.";"{
  text: ""Ogni passo verso il cambiamento in pace nasce da una scelta minuscola ma coerente."",
  author: ""Wakeify"",
  note: ""Oggi scegli una sola azione concreta legata a \""pace\"" e falla entro stasera, anche se è minuscola.""
},"
29-ago;International Day Against Nuclear Tests;https://un.org;Pace;Ogni passo verso il cambiamento in pace nasce da una scelta minuscola ma coerente.;Wakeify;"Oggi scegli una sola azione concreta legata a ""pace"" e falla entro stasera, anche se è minuscola.";"{
  text: ""Ogni passo verso il cambiamento in pace nasce da una scelta minuscola ma coerente."",
  author: ""Wakeify"",
  note: ""Oggi scegli una sola azione concreta legata a \""pace\"" e falla entro stasera, anche se è minuscola.""
},"
05-set;International Day of Charity;https://un.org;Solidarietà;Ogni passo verso il cambiamento in solidarietà nasce da una scelta minuscola ma coerente.;Wakeify;"Oggi scegli una sola azione concreta legata a ""solidarietà"" e falla entro stasera, anche se è minuscola.";"{
  text: ""Ogni passo verso il cambiamento in solidarietà nasce da una scelta minuscola ma coerente."",
  author: ""Wakeify"",
  note: ""Oggi scegli una sola azione concreta legata a \""solidarietà\"" e falla entro stasera, anche se è minuscola.""
},"
08-set;International Literacy Day;https://unesco.org;Educazione;Ogni passo verso il cambiamento in educazione nasce da una scelta minuscola ma coerente.;Wakeify;"Oggi scegli una sola azione concreta legata a ""educazione"" e falla entro stasera, anche se è minuscola.";"{
  text: ""Ogni passo verso il cambiamento in educazione nasce da una scelta minuscola ma coerente."",
  author: ""Wakeify"",
  note: ""Oggi scegli una sola azione concreta legata a \""educazione\"" e falla entro stasera, anche se è minuscola.""
},"
10-set;World Suicide Prevention Day;https://who.int;Salute;Ogni passo verso il cambiamento in salute nasce da una scelta minuscola ma coerente.;Wakeify;"Oggi scegli una sola azione concreta legata a ""salute"" e falla entro stasera, anche se è minuscola.";"{
  text: ""Ogni passo verso il cambiamento in salute nasce da una scelta minuscola ma coerente."",
  author: ""Wakeify"",
  note: ""Oggi scegli una sola azione concreta legata a \""salute\"" e falla entro stasera, anche se è minuscola.""
},"
15-set;International Day of Democracy;https://un.org;Politica;Ogni passo verso il cambiamento in politica nasce da una scelta minuscola ma coerente.;Wakeify;"Oggi scegli una sola azione concreta legata a ""politica"" e falla entro stasera, anche se è minuscola.";"{
  text: ""Ogni passo verso il cambiamento in politica nasce da una scelta minuscola ma coerente."",
  author: ""Wakeify"",
  note: ""Oggi scegli una sola azione concreta legata a \""politica\"" e falla entro stasera, anche se è minuscola.""
},"
16-set;World Ozone Day;https://un.org;Ambiente;Ogni passo verso il cambiamento in ambiente nasce da una scelta minuscola ma coerente.;Wakeify;"Oggi scegli una sola azione concreta legata a ""ambiente"" e falla entro stasera, anche se è minuscola.";"{
  text: ""Ogni passo verso il cambiamento in ambiente nasce da una scelta minuscola ma coerente."",
  author: ""Wakeify"",
  note: ""Oggi scegli una sola azione concreta legata a \""ambiente\"" e falla entro stasera, anche se è minuscola.""
},"
21-set;International Day of Peace;https://un.org;Pace;Ogni passo verso il cambiamento in pace nasce da una scelta minuscola ma coerente.;Wakeify;"Oggi scegli una sola azione concreta legata a ""pace"" e falla entro stasera, anche se è minuscola.";"{
  text: ""Ogni passo verso il cambiamento in pace nasce da una scelta minuscola ma coerente."",
  author: ""Wakeify"",
  note: ""Oggi scegli una sola azione concreta legata a \""pace\"" e falla entro stasera, anche se è minuscola.""
},"
27-set;World Tourism Day;https://un.org;Turismo;Ogni passo verso il cambiamento in turismo nasce da una scelta minuscola ma coerente.;Wakeify;"Oggi scegli una sola azione concreta legata a ""turismo"" e falla entro stasera, anche se è minuscola.";"{
  text: ""Ogni passo verso il cambiamento in turismo nasce da una scelta minuscola ma coerente."",
  author: ""Wakeify"",
  note: ""Oggi scegli una sola azione concreta legata a \""turismo\"" e falla entro stasera, anche se è minuscola.""
},"
01-ott;International Day of Older Persons;https://un.org;Società;Ogni passo verso il cambiamento in società nasce da una scelta minuscola ma coerente.;Wakeify;"Oggi scegli una sola azione concreta legata a ""società"" e falla entro stasera, anche se è minuscola.";"{
  text: ""Ogni passo verso il cambiamento in società nasce da una scelta minuscola ma coerente."",
  author: ""Wakeify"",
  note: ""Oggi scegli una sola azione concreta legata a \""società\"" e falla entro stasera, anche se è minuscola.""
},"
02-ott;International Day of Non-Violence;https://un.org;Pace;Ogni passo verso il cambiamento in pace nasce da una scelta minuscola ma coerente.;Wakeify;"Oggi scegli una sola azione concreta legata a ""pace"" e falla entro stasera, anche se è minuscola.";"{
  text: ""Ogni passo verso il cambiamento in pace nasce da una scelta minuscola ma coerente."",
  author: ""Wakeify"",
  note: ""Oggi scegli una sola azione concreta legata a \""pace\"" e falla entro stasera, anche se è minuscola.""
},"
05-ott;World Teachers’ Day;https://unesco.org;Educazione;Ogni passo verso il cambiamento in educazione nasce da una scelta minuscola ma coerente.;Wakeify;"Oggi scegli una sola azione concreta legata a ""educazione"" e falla entro stasera, anche se è minuscola.";"{
  text: ""Ogni passo verso il cambiamento in educazione nasce da una scelta minuscola ma coerente."",
  author: ""Wakeify"",
  note: ""Oggi scegli una sola azione concreta legata a \""educazione\"" e falla entro stasera, anche se è minuscola.""
},"
10-ott;World Mental Health Day;https://who.int;Salute;Ogni passo verso il cambiamento in salute nasce da una scelta minuscola ma coerente.;Wakeify;"Oggi scegli una sola azione concreta legata a ""salute"" e falla entro stasera, anche se è minuscola.";"{
  text: ""Ogni passo verso il cambiamento in salute nasce da una scelta minuscola ma coerente."",
  author: ""Wakeify"",
  note: ""Oggi scegli una sola azione concreta legata a \""salute\"" e falla entro stasera, anche se è minuscola.""
},"
11-ott;International Day of the Girl Child;https://un.org;Diritti;Ogni passo verso il cambiamento in diritti nasce da una scelta minuscola ma coerente.;Wakeify;"Oggi scegli una sola azione concreta legata a ""diritti"" e falla entro stasera, anche se è minuscola.";"{
  text: ""Ogni passo verso il cambiamento in diritti nasce da una scelta minuscola ma coerente."",
  author: ""Wakeify"",
  note: ""Oggi scegli una sola azione concreta legata a \""diritti\"" e falla entro stasera, anche se è minuscola.""
},"
13-ott;International Day for Disaster Risk Reduction;https://un.org;Ambiente;Ogni passo verso il cambiamento in ambiente nasce da una scelta minuscola ma coerente.;Wakeify;"Oggi scegli una sola azione concreta legata a ""ambiente"" e falla entro stasera, anche se è minuscola.";"{
  text: ""Ogni passo verso il cambiamento in ambiente nasce da una scelta minuscola ma coerente."",
  author: ""Wakeify"",
  note: ""Oggi scegli una sola azione concreta legata a \""ambiente\"" e falla entro stasera, anche se è minuscola.""
},"
15-ott;Global Handwashing Day;https://who.int;Salute;Ogni passo verso il cambiamento in salute nasce da una scelta minuscola ma coerente.;Wakeify;"Oggi scegli una sola azione concreta legata a ""salute"" e falla entro stasera, anche se è minuscola.";"{
  text: ""Ogni passo verso il cambiamento in salute nasce da una scelta minuscola ma coerente."",
  author: ""Wakeify"",
  note: ""Oggi scegli una sola azione concreta legata a \""salute\"" e falla entro stasera, anche se è minuscola.""
},"
16-ott;World Food Day;https://fao.org;Alimentazione;Ogni passo verso il cambiamento in alimentazione nasce da una scelta minuscola ma coerente.;Wakeify;"Oggi scegli una sola azione concreta legata a ""alimentazione"" e falla entro stasera, anche se è minuscola.";"{
  text: ""Ogni passo verso il cambiamento in alimentazione nasce da una scelta minuscola ma coerente."",
  author: ""Wakeify"",
  note: ""Oggi scegli una sola azione concreta legata a \""alimentazione\"" e falla entro stasera, anche se è minuscola.""
},"
17-ott;International Day for the Eradication of Poverty;https://un.org;Diritti;Ogni passo verso il cambiamento in diritti nasce da una scelta minuscola ma coerente.;Wakeify;"Oggi scegli una sola azione concreta legata a ""diritti"" e falla entro stasera, anche se è minuscola.";"{
  text: ""Ogni passo verso il cambiamento in diritti nasce da una scelta minuscola ma coerente."",
  author: ""Wakeify"",
  note: ""Oggi scegli una sola azione concreta legata a \""diritti\"" e falla entro stasera, anche se è minuscola.""
},"
24-ott;United Nations Day;https://un.org;ONU;Ogni passo verso il cambiamento in onu nasce da una scelta minuscola ma coerente.;Wakeify;"Oggi scegli una sola azione concreta legata a ""onu"" e falla entro stasera, anche se è minuscola.";"{
  text: ""Ogni passo verso il cambiamento in onu nasce da una scelta minuscola ma coerente."",
  author: ""Wakeify"",
  note: ""Oggi scegli una sola azione concreta legata a \""onu\"" e falla entro stasera, anche se è minuscola.""
},"
31-ott;World Cities Day;https://un.org;Città;Ogni passo verso il cambiamento in città nasce da una scelta minuscola ma coerente.;Wakeify;"Oggi scegli una sola azione concreta legata a ""città"" e falla entro stasera, anche se è minuscola.";"{
  text: ""Ogni passo verso il cambiamento in città nasce da una scelta minuscola ma coerente."",
  author: ""Wakeify"",
  note: ""Oggi scegli una sola azione concreta legata a \""città\"" e falla entro stasera, anche se è minuscola.""
},"
02-nov;International Day to End Impunity for Crimes Against Journalists;https://un.org;Diritti;Ogni passo verso il cambiamento in diritti nasce da una scelta minuscola ma coerente.;Wakeify;"Oggi scegli una sola azione concreta legata a ""diritti"" e falla entro stasera, anche se è minuscola.";"{
  text: ""Ogni passo verso il cambiamento in diritti nasce da una scelta minuscola ma coerente."",
  author: ""Wakeify"",
  note: ""Oggi scegli una sola azione concreta legata a \""diritti\"" e falla entro stasera, anche se è minuscola.""
},"
05-nov;World Tsunami Awareness Day;https://un.org;Ambiente;Ogni passo verso il cambiamento in ambiente nasce da una scelta minuscola ma coerente.;Wakeify;"Oggi scegli una sola azione concreta legata a ""ambiente"" e falla entro stasera, anche se è minuscola.";"{
  text: ""Ogni passo verso il cambiamento in ambiente nasce da una scelta minuscola ma coerente."",
  author: ""Wakeify"",
  note: ""Oggi scegli una sola azione concreta legata a \""ambiente\"" e falla entro stasera, anche se è minuscola.""
},"
14-nov;World Diabetes Day;https://who.int;Salute;Ogni passo verso il cambiamento in salute nasce da una scelta minuscola ma coerente.;Wakeify;"Oggi scegli una sola azione concreta legata a ""salute"" e falla entro stasera, anche se è minuscola.";"{
  text: ""Ogni passo verso il cambiamento in salute nasce da una scelta minuscola ma coerente."",
  author: ""Wakeify"",
  note: ""Oggi scegli una sola azione concreta legata a \""salute\"" e falla entro stasera, anche se è minuscola.""
},"
16-nov;International Day for Tolerance;https://un.org;Diritti;Ogni passo verso il cambiamento in diritti nasce da una scelta minuscola ma coerente.;Wakeify;"Oggi scegli una sola azione concreta legata a ""diritti"" e falla entro stasera, anche se è minuscola.";"{
  text: ""Ogni passo verso il cambiamento in diritti nasce da una scelta minuscola ma coerente."",
  author: ""Wakeify"",
  note: ""Oggi scegli una sola azione concreta legata a \""diritti\"" e falla entro stasera, anche se è minuscola.""
},"
19-nov;World Toilet Day;https://un.org;Acqua;Ogni passo verso il cambiamento in acqua nasce da una scelta minuscola ma coerente.;Wakeify;"Oggi scegli una sola azione concreta legata a ""acqua"" e falla entro stasera, anche se è minuscola.";"{
  text: ""Ogni passo verso il cambiamento in acqua nasce da una scelta minuscola ma coerente."",
  author: ""Wakeify"",
  note: ""Oggi scegli una sola azione concreta legata a \""acqua\"" e falla entro stasera, anche se è minuscola.""
},"
20-nov;Universal Children’s Day;https://un.org;Infanzia;Ogni passo verso il cambiamento in infanzia nasce da una scelta minuscola ma coerente.;Wakeify;"Oggi scegli una sola azione concreta legata a ""infanzia"" e falla entro stasera, anche se è minuscola.";"{
  text: ""Ogni passo verso il cambiamento in infanzia nasce da una scelta minuscola ma coerente."",
  author: ""Wakeify"",
  note: ""Oggi scegli una sola azione concreta legata a \""infanzia\"" e falla entro stasera, anche se è minuscola.""
},"
25-nov;International Day for the Elimination of Violence Against Women;https://un.org;Diritti;Ogni passo verso il cambiamento in diritti nasce da una scelta minuscola ma coerente.;Wakeify;"Oggi scegli una sola azione concreta legata a ""diritti"" e falla entro stasera, anche se è minuscola.";"{
  text: ""Ogni passo verso il cambiamento in diritti nasce da una scelta minuscola ma coerente."",
  author: ""Wakeify"",
  note: ""Oggi scegli una sola azione concreta legata a \""diritti\"" e falla entro stasera, anche se è minuscola.""
},"
29-nov;International Day of Solidarity with Palestinian People;https://un.org;Diritti;Ogni passo verso il cambiamento in diritti nasce da una scelta minuscola ma coerente.;Wakeify;"Oggi scegli una sola azione concreta legata a ""diritti"" e falla entro stasera, anche se è minuscola.";"{
  text: ""Ogni passo verso il cambiamento in diritti nasce da una scelta minuscola ma coerente."",
  author: ""Wakeify"",
  note: ""Oggi scegli una sola azione concreta legata a \""diritti\"" e falla entro stasera, anche se è minuscola.""
},"
01-dic;World AIDS Day;https://who.int;Salute;Ogni passo verso il cambiamento in salute nasce da una scelta minuscola ma coerente.;Wakeify;"Oggi scegli una sola azione concreta legata a ""salute"" e falla entro stasera, anche se è minuscola.";"{
  text: ""Ogni passo verso il cambiamento in salute nasce da una scelta minuscola ma coerente."",
  author: ""Wakeify"",
  note: ""Oggi scegli una sola azione concreta legata a \""salute\"" e falla entro stasera, anche se è minuscola.""
},"
02-dic;International Day for Abolition of Slavery;https://un.org;Diritti;Ogni passo verso il cambiamento in diritti nasce da una scelta minuscola ma coerente.;Wakeify;"Oggi scegli una sola azione concreta legata a ""diritti"" e falla entro stasera, anche se è minuscola.";"{
  text: ""Ogni passo verso il cambiamento in diritti nasce da una scelta minuscola ma coerente."",
  author: ""Wakeify"",
  note: ""Oggi scegli una sola azione concreta legata a \""diritti\"" e falla entro stasera, anche se è minuscola.""
},"
03-dic;International Day of Persons with Disabilities;https://un.org;Inclusione;Ogni passo verso il cambiamento in inclusione nasce da una scelta minuscola ma coerente.;Wakeify;"Oggi scegli una sola azione concreta legata a ""inclusione"" e falla entro stasera, anche se è minuscola.";"{
  text: ""Ogni passo verso il cambiamento in inclusione nasce da una scelta minuscola ma coerente."",
  author: ""Wakeify"",
  note: ""Oggi scegli una sola azione concreta legata a \""inclusione\"" e falla entro stasera, anche se è minuscola.""
},"
05-dic;World Soil Day;https://fao.org;Ambiente;Ogni passo verso il cambiamento in ambiente nasce da una scelta minuscola ma coerente.;Wakeify;"Oggi scegli una sola azione concreta legata a ""ambiente"" e falla entro stasera, anche se è minuscola.";"{
  text: ""Ogni passo verso il cambiamento in ambiente nasce da una scelta minuscola ma coerente."",
  author: ""Wakeify"",
  note: ""Oggi scegli una sola azione concreta legata a \""ambiente\"" e falla entro stasera, anche se è minuscola.""
},"
09-dic;International Anti-Corruption Day;https://un.org;Legalità;Ogni passo verso il cambiamento in legalità nasce da una scelta minuscola ma coerente.;Wakeify;"Oggi scegli una sola azione concreta legata a ""legalità"" e falla entro stasera, anche se è minuscola.";"{
  text: ""Ogni passo verso il cambiamento in legalità nasce da una scelta minuscola ma coerente."",
  author: ""Wakeify"",
  note: ""Oggi scegli una sola azione concreta legata a \""legalità\"" e falla entro stasera, anche se è minuscola.""
},"
10-dic;Human Rights Day;https://un.org;Diritti;Ogni passo verso il cambiamento in diritti nasce da una scelta minuscola ma coerente.;Wakeify;"Oggi scegli una sola azione concreta legata a ""diritti"" e falla entro stasera, anche se è minuscola.";"{
  text: ""Ogni passo verso il cambiamento in diritti nasce da una scelta minuscola ma coerente."",
  author: ""Wakeify"",
  note: ""Oggi scegli una sola azione concreta legata a \""diritti\"" e falla entro stasera, anche se è minuscola.""
},"
--/--;International Awareness Day #94;misc;Varie;Ogni passo verso il cambiamento in varie nasce da una scelta minuscola ma coerente.;Wakeify;"Oggi scegli una sola azione concreta legata a ""varie"" e falla entro stasera, anche se è minuscola.";"{
  text: ""Ogni passo verso il cambiamento in varie nasce da una scelta minuscola ma coerente."",
  author: ""Wakeify"",
  note: ""Oggi scegli una sola azione concreta legata a \""varie\"" e falla entro stasera, anche se è minuscola.""
},"
--/--;International Awareness Day #95;misc;Varie;Ogni passo verso il cambiamento in varie nasce da una scelta minuscola ma coerente.;Wakeify;"Oggi scegli una sola azione concreta legata a ""varie"" e falla entro stasera, anche se è minuscola.";"{
  text: ""Ogni passo verso il cambiamento in varie nasce da una scelta minuscola ma coerente."",
  author: ""Wakeify"",
  note: ""Oggi scegli una sola azione concreta legata a \""varie\"" e falla entro stasera, anche se è minuscola.""
},"
--/--;International Awareness Day #96;misc;Varie;Ogni passo verso il cambiamento in varie nasce da una scelta minuscola ma coerente.;Wakeify;"Oggi scegli una sola azione concreta legata a ""varie"" e falla entro stasera, anche se è minuscola.";"{
  text: ""Ogni passo verso il cambiamento in varie nasce da una scelta minuscola ma coerente."",
  author: ""Wakeify"",
  note: ""Oggi scegli una sola azione concreta legata a \""varie\"" e falla entro stasera, anche se è minuscola.""
},"
--/--;International Awareness Day #97;misc;Varie;Ogni passo verso il cambiamento in varie nasce da una scelta minuscola ma coerente.;Wakeify;"Oggi scegli una sola azione concreta legata a ""varie"" e falla entro stasera, anche se è minuscola.";"{
  text: ""Ogni passo verso il cambiamento in varie nasce da una scelta minuscola ma coerente."",
  author: ""Wakeify"",
  note: ""Oggi scegli una sola azione concreta legata a \""varie\"" e falla entro stasera, anche se è minuscola.""
},"
--/--;International Awareness Day #98;misc;Varie;Ogni passo verso il cambiamento in varie nasce da una scelta minuscola ma coerente.;Wakeify;"Oggi scegli una sola azione concreta legata a ""varie"" e falla entro stasera, anche se è minuscola.";"{
  text: ""Ogni passo verso il cambiamento in varie nasce da una scelta minuscola ma coerente."",
  author: ""Wakeify"",
  note: ""Oggi scegli una sola azione concreta legata a \""varie\"" e falla entro stasera, anche se è minuscola.""
},"
--/--;International Awareness Day #99;misc;Varie;Ogni passo verso il cambiamento in varie nasce da una scelta minuscola ma coerente.;Wakeify;"Oggi scegli una sola azione concreta legata a ""varie"" e falla entro stasera, anche se è minuscola.";"{
  text: ""Ogni passo verso il cambiamento in varie nasce da una scelta minuscola ma coerente."",
  author: ""Wakeify"",
  note: ""Oggi scegli una sola azione concreta legata a \""varie\"" e falla entro stasera, anche se è minuscola.""
},"
--/--;International Awareness Day #100;misc;Varie;Ogni passo verso il cambiamento in varie nasce da una scelta minuscola ma coerente.;Wakeify;"Oggi scegli una sola azione concreta legata a ""varie"" e falla entro stasera, anche se è minuscola.";"{
  text: ""Ogni passo verso il cambiamento in varie nasce da una scelta minuscola ma coerente."",
  author: ""Wakeify"",
  note: ""Oggi scegli una sola azione concreta legata a \""varie\"" e falla entro stasera, anche se è minuscola.""
},"
--/--;International Awareness Day #101;misc;Varie;Ogni passo verso il cambiamento in varie nasce da una scelta minuscola ma coerente.;Wakeify;"Oggi scegli una sola azione concreta legata a ""varie"" e falla entro stasera, anche se è minuscola.";"{
  text: ""Ogni passo verso il cambiamento in varie nasce da una scelta minuscola ma coerente."",
  author: ""Wakeify"",
  note: ""Oggi scegli una sola azione concreta legata a \""varie\"" e falla entro stasera, anche se è minuscola.""
},"
--/--;International Awareness Day #102;misc;Varie;Ogni passo verso il cambiamento in varie nasce da una scelta minuscola ma coerente.;Wakeify;"Oggi scegli una sola azione concreta legata a ""varie"" e falla entro stasera, anche se è minuscola.";"{
  text: ""Ogni passo verso il cambiamento in varie nasce da una scelta minuscola ma coerente."",
  author: ""Wakeify"",
  note: ""Oggi scegli una sola azione concreta legata a \""varie\"" e falla entro stasera, anche se è minuscola.""
},"
--/--;International Awareness Day #103;misc;Varie;Ogni passo verso il cambiamento in varie nasce da una scelta minuscola ma coerente.;Wakeify;"Oggi scegli una sola azione concreta legata a ""varie"" e falla entro stasera, anche se è minuscola.";"{
  text: ""Ogni passo verso il cambiamento in varie nasce da una scelta minuscola ma coerente."",
  author: ""Wakeify"",
  note: ""Oggi scegli una sola azione concreta legata a \""varie\"" e falla entro stasera, anche se è minuscola.""
},"
--/--;International Awareness Day #104;misc;Varie;Ogni passo verso il cambiamento in varie nasce da una scelta minuscola ma coerente.;Wakeify;"Oggi scegli una sola azione concreta legata a ""varie"" e falla entro stasera, anche se è minuscola.";"{
  text: ""Ogni passo verso il cambiamento in varie nasce da una scelta minuscola ma coerente."",
  author: ""Wakeify"",
  note: ""Oggi scegli una sola azione concreta legata a \""varie\"" e falla entro stasera, anche se è minuscola.""
},"
--/--;International Awareness Day #105;misc;Varie;Ogni passo verso il cambiamento in varie nasce da una scelta minuscola ma coerente.;Wakeify;"Oggi scegli una sola azione concreta legata a ""varie"" e falla entro stasera, anche se è minuscola.";"{
  text: ""Ogni passo verso il cambiamento in varie nasce da una scelta minuscola ma coerente."",
  author: ""Wakeify"",
  note: ""Oggi scegli una sola azione concreta legata a \""varie\"" e falla entro stasera, anche se è minuscola.""
},"
--/--;International Awareness Day #106;misc;Varie;Ogni passo verso il cambiamento in varie nasce da una scelta minuscola ma coerente.;Wakeify;"Oggi scegli una sola azione concreta legata a ""varie"" e falla entro stasera, anche se è minuscola.";"{
  text: ""Ogni passo verso il cambiamento in varie nasce da una scelta minuscola ma coerente."",
  author: ""Wakeify"",
  note: ""Oggi scegli una sola azione concreta legata a \""varie\"" e falla entro stasera, anche se è minuscola.""
},"
--/--;International Awareness Day #107;misc;Varie;Ogni passo verso il cambiamento in varie nasce da una scelta minuscola ma coerente.;Wakeify;"Oggi scegli una sola azione concreta legata a ""varie"" e falla entro stasera, anche se è minuscola.";"{
  text: ""Ogni passo verso il cambiamento in varie nasce da una scelta minuscola ma coerente."",
  author: ""Wakeify"",
  note: ""Oggi scegli una sola azione concreta legata a \""varie\"" e falla entro stasera, anche se è minuscola.""
},"
--/--;International Awareness Day #108;misc;Varie;Ogni passo verso il cambiamento in varie nasce da una scelta minuscola ma coerente.;Wakeify;"Oggi scegli una sola azione concreta legata a ""varie"" e falla entro stasera, anche se è minuscola.";"{
  text: ""Ogni passo verso il cambiamento in varie nasce da una scelta minuscola ma coerente."",
  author: ""Wakeify"",
  note: ""Oggi scegli una sola azione concreta legata a \""varie\"" e falla entro stasera, anche se è minuscola.""
},"
--/--;International Awareness Day #109;misc;Varie;Ogni passo verso il cambiamento in varie nasce da una scelta minuscola ma coerente.;Wakeify;"Oggi scegli una sola azione concreta legata a ""varie"" e falla entro stasera, anche se è minuscola.";"{
  text: ""Ogni passo verso il cambiamento in varie nasce da una scelta minuscola ma coerente."",
  author: ""Wakeify"",
  note: ""Oggi scegli una sola azione concreta legata a \""varie\"" e falla entro stasera, anche se è minuscola.""
},"
--/--;International Awareness Day #110;misc;Varie;Ogni passo verso il cambiamento in varie nasce da una scelta minuscola ma coerente.;Wakeify;"Oggi scegli una sola azione concreta legata a ""varie"" e falla entro stasera, anche se è minuscola.";"{
  text: ""Ogni passo verso il cambiamento in varie nasce da una scelta minuscola ma coerente."",
  author: ""Wakeify"",
  note: ""Oggi scegli una sola azione concreta legata a \""varie\"" e falla entro stasera, anche se è minuscola.""
},"
--/--;International Awareness Day #111;misc;Varie;Ogni passo verso il cambiamento in varie nasce da una scelta minuscola ma coerente.;Wakeify;"Oggi scegli una sola azione concreta legata a ""varie"" e falla entro stasera, anche se è minuscola.";"{
  text: ""Ogni passo verso il cambiamento in varie nasce da una scelta minuscola ma coerente."",
  author: ""Wakeify"",
  note: ""Oggi scegli una sola azione concreta legata a \""varie\"" e falla entro stasera, anche se è minuscola.""
},"
--/--;International Awareness Day #112;misc;Varie;Ogni passo verso il cambiamento in varie nasce da una scelta minuscola ma coerente.;Wakeify;"Oggi scegli una sola azione concreta legata a ""varie"" e falla entro stasera, anche se è minuscola.";"{
  text: ""Ogni passo verso il cambiamento in varie nasce da una scelta minuscola ma coerente."",
  author: ""Wakeify"",
  note: ""Oggi scegli una sola azione concreta legata a \""varie\"" e falla entro stasera, anche se è minuscola.""
},"
--/--;International Awareness Day #113;misc;Varie;Ogni passo verso il cambiamento in varie nasce da una scelta minuscola ma coerente.;Wakeify;"Oggi scegli una sola azione concreta legata a ""varie"" e falla entro stasera, anche se è minuscola.";"{
  text: ""Ogni passo verso il cambiamento in varie nasce da una scelta minuscola ma coerente."",
  author: ""Wakeify"",
  note: ""Oggi scegli una sola azione concreta legata a \""varie\"" e falla entro stasera, anche se è minuscola.""
},"
--/--;International Awareness Day #114;misc;Varie;Ogni passo verso il cambiamento in varie nasce da una scelta minuscola ma coerente.;Wakeify;"Oggi scegli una sola azione concreta legata a ""varie"" e falla entro stasera, anche se è minuscola.";"{
  text: ""Ogni passo verso il cambiamento in varie nasce da una scelta minuscola ma coerente."",
  author: ""Wakeify"",
  note: ""Oggi scegli una sola azione concreta legata a \""varie\"" e falla entro stasera, anche se è minuscola.""
},"
--/--;International Awareness Day #115;misc;Varie;Ogni passo verso il cambiamento in varie nasce da una scelta minuscola ma coerente.;Wakeify;"Oggi scegli una sola azione concreta legata a ""varie"" e falla entro stasera, anche se è minuscola.";"{
  text: ""Ogni passo verso il cambiamento in varie nasce da una scelta minuscola ma coerente."",
  author: ""Wakeify"",
  note: ""Oggi scegli una sola azione concreta legata a \""varie\"" e falla entro stasera, anche se è minuscola.""
},"
--/--;International Awareness Day #116;misc;Varie;Ogni passo verso il cambiamento in varie nasce da una scelta minuscola ma coerente.;Wakeify;"Oggi scegli una sola azione concreta legata a ""varie"" e falla entro stasera, anche se è minuscola.";"{
  text: ""Ogni passo verso il cambiamento in varie nasce da una scelta minuscola ma coerente."",
  author: ""Wakeify"",
  note: ""Oggi scegli una sola azione concreta legata a \""varie\"" e falla entro stasera, anche se è minuscola.""
},"
--/--;International Awareness Day #117;misc;Varie;Ogni passo verso il cambiamento in varie nasce da una scelta minuscola ma coerente.;Wakeify;"Oggi scegli una sola azione concreta legata a ""varie"" e falla entro stasera, anche se è minuscola.";"{
  text: ""Ogni passo verso il cambiamento in varie nasce da una scelta minuscola ma coerente."",
  author: ""Wakeify"",
  note: ""Oggi scegli una sola azione concreta legata a \""varie\"" e falla entro stasera, anche se è minuscola.""
},"
--/--;International Awareness Day #118;misc;Varie;Ogni passo verso il cambiamento in varie nasce da una scelta minuscola ma coerente.;Wakeify;"Oggi scegli una sola azione concreta legata a ""varie"" e falla entro stasera, anche se è minuscola.";"{
  text: ""Ogni passo verso il cambiamento in varie nasce da una scelta minuscola ma coerente."",
  author: ""Wakeify"",
  note: ""Oggi scegli una sola azione concreta legata a \""varie\"" e falla entro stasera, anche se è minuscola.""
},"
--/--;International Awareness Day #119;misc;Varie;Ogni passo verso il cambiamento in varie nasce da una scelta minuscola ma coerente.;Wakeify;"Oggi scegli una sola azione concreta legata a ""varie"" e falla entro stasera, anche se è minuscola.";"{
  text: ""Ogni passo verso il cambiamento in varie nasce da una scelta minuscola ma coerente."",
  author: ""Wakeify"",
  note: ""Oggi scegli una sola azione concreta legata a \""varie\"" e falla entro stasera, anche se è minuscola.""
},"
--/--;International Awareness Day #120;misc;Varie;Ogni passo verso il cambiamento in varie nasce da una scelta minuscola ma coerente.;Wakeify;"Oggi scegli una sola azione concreta legata a ""varie"" e falla entro stasera, anche se è minuscola.";"{
  text: ""Ogni passo verso il cambiamento in varie nasce da una scelta minuscola ma coerente."",
  author: ""Wakeify"",
  note: ""Oggi scegli una sola azione concreta legata a \""varie\"" e falla entro stasera, anche se è minuscola.""
},"
--/--;International Awareness Day #121;misc;Varie;Ogni passo verso il cambiamento in varie nasce da una scelta minuscola ma coerente.;Wakeify;"Oggi scegli una sola azione concreta legata a ""varie"" e falla entro stasera, anche se è minuscola.";"{
  text: ""Ogni passo verso il cambiamento in varie nasce da una scelta minuscola ma coerente."",
  author: ""Wakeify"",
  note: ""Oggi scegli una sola azione concreta legata a \""varie\"" e falla entro stasera, anche se è minuscola.""
},"
--/--;International Awareness Day #122;misc;Varie;Ogni passo verso il cambiamento in varie nasce da una scelta minuscola ma coerente.;Wakeify;"Oggi scegli una sola azione concreta legata a ""varie"" e falla entro stasera, anche se è minuscola.";"{
  text: ""Ogni passo verso il cambiamento in varie nasce da una scelta minuscola ma coerente."",
  author: ""Wakeify"",
  note: ""Oggi scegli una sola azione concreta legata a \""varie\"" e falla entro stasera, anche se è minuscola.""
},"
--/--;International Awareness Day #123;misc;Varie;Ogni passo verso il cambiamento in varie nasce da una scelta minuscola ma coerente.;Wakeify;"Oggi scegli una sola azione concreta legata a ""varie"" e falla entro stasera, anche se è minuscola.";"{
  text: ""Ogni passo verso il cambiamento in varie nasce da una scelta minuscola ma coerente."",
  author: ""Wakeify"",
  note: ""Oggi scegli una sola azione concreta legata a \""varie\"" e falla entro stasera, anche se è minuscola.""
},"
--/--;International Awareness Day #124;misc;Varie;Ogni passo verso il cambiamento in varie nasce da una scelta minuscola ma coerente.;Wakeify;"Oggi scegli una sola azione concreta legata a ""varie"" e falla entro stasera, anche se è minuscola.";"{
  text: ""Ogni passo verso il cambiamento in varie nasce da una scelta minuscola ma coerente."",
  author: ""Wakeify"",
  note: ""Oggi scegli una sola azione concreta legata a \""varie\"" e falla entro stasera, anche se è minuscola.""
},"
--/--;International Awareness Day #125;misc;Varie;Ogni passo verso il cambiamento in varie nasce da una scelta minuscola ma coerente.;Wakeify;"Oggi scegli una sola azione concreta legata a ""varie"" e falla entro stasera, anche se è minuscola.";"{
  text: ""Ogni passo verso il cambiamento in varie nasce da una scelta minuscola ma coerente."",
  author: ""Wakeify"",
  note: ""Oggi scegli una sola azione concreta legata a \""varie\"" e falla entro stasera, anche se è minuscola.""
},"
--/--;International Awareness Day #126;misc;Varie;Ogni passo verso il cambiamento in varie nasce da una scelta minuscola ma coerente.;Wakeify;"Oggi scegli una sola azione concreta legata a ""varie"" e falla entro stasera, anche se è minuscola.";"{
  text: ""Ogni passo verso il cambiamento in varie nasce da una scelta minuscola ma coerente."",
  author: ""Wakeify"",
  note: ""Oggi scegli una sola azione concreta legata a \""varie\"" e falla entro stasera, anche se è minuscola.""
},"
--/--;International Awareness Day #127;misc;Varie;Ogni passo verso il cambiamento in varie nasce da una scelta minuscola ma coerente.;Wakeify;"Oggi scegli una sola azione concreta legata a ""varie"" e falla entro stasera, anche se è minuscola.";"{
  text: ""Ogni passo verso il cambiamento in varie nasce da una scelta minuscola ma coerente."",
  author: ""Wakeify"",
  note: ""Oggi scegli una sola azione concreta legata a \""varie\"" e falla entro stasera, anche se è minuscola.""
},"
--/--;International Awareness Day #128;misc;Varie;Ogni passo verso il cambiamento in varie nasce da una scelta minuscola ma coerente.;Wakeify;"Oggi scegli una sola azione concreta legata a ""varie"" e falla entro stasera, anche se è minuscola.";"{
  text: ""Ogni passo verso il cambiamento in varie nasce da una scelta minuscola ma coerente."",
  author: ""Wakeify"",
  note: ""Oggi scegli una sola azione concreta legata a \""varie\"" e falla entro stasera, anche se è minuscola.""
},"
--/--;International Awareness Day #129;misc;Varie;Ogni passo verso il cambiamento in varie nasce da una scelta minuscola ma coerente.;Wakeify;"Oggi scegli una sola azione concreta legata a ""varie"" e falla entro stasera, anche se è minuscola.";"{
  text: ""Ogni passo verso il cambiamento in varie nasce da una scelta minuscola ma coerente."",
  author: ""Wakeify"",
  note: ""Oggi scegli una sola azione concreta legata a \""varie\"" e falla entro stasera, anche se è minuscola.""
},"
--/--;International Awareness Day #130;misc;Varie;Ogni passo verso il cambiamento in varie nasce da una scelta minuscola ma coerente.;Wakeify;"Oggi scegli una sola azione concreta legata a ""varie"" e falla entro stasera, anche se è minuscola.";"{
  text: ""Ogni passo verso il cambiamento in varie nasce da una scelta minuscola ma coerente."",
  author: ""Wakeify"",
  note: ""Oggi scegli una sola azione concreta legata a \""varie\"" e falla entro stasera, anche se è minuscola.""
},"
--/--;International Awareness Day #131;misc;Varie;Ogni passo verso il cambiamento in varie nasce da una scelta minuscola ma coerente.;Wakeify;"Oggi scegli una sola azione concreta legata a ""varie"" e falla entro stasera, anche se è minuscola.";"{
  text: ""Ogni passo verso il cambiamento in varie nasce da una scelta minuscola ma coerente."",
  author: ""Wakeify"",
  note: ""Oggi scegli una sola azione concreta legata a \""varie\"" e falla entro stasera, anche se è minuscola.""
},"
--/--;International Awareness Day #132;misc;Varie;Ogni passo verso il cambiamento in varie nasce da una scelta minuscola ma coerente.;Wakeify;"Oggi scegli una sola azione concreta legata a ""varie"" e falla entro stasera, anche se è minuscola.";"{
  text: ""Ogni passo verso il cambiamento in varie nasce da una scelta minuscola ma coerente."",
  author: ""Wakeify"",
  note: ""Oggi scegli una sola azione concreta legata a \""varie\"" e falla entro stasera, anche se è minuscola.""
},"
--/--;International Awareness Day #133;misc;Varie;Ogni passo verso il cambiamento in varie nasce da una scelta minuscola ma coerente.;Wakeify;"Oggi scegli una sola azione concreta legata a ""varie"" e falla entro stasera, anche se è minuscola.";"{
  text: ""Ogni passo verso il cambiamento in varie nasce da una scelta minuscola ma coerente."",
  author: ""Wakeify"",
  note: ""Oggi scegli una sola azione concreta legata a \""varie\"" e falla entro stasera, anche se è minuscola.""
},"
--/--;International Awareness Day #134;misc;Varie;Ogni passo verso il cambiamento in varie nasce da una scelta minuscola ma coerente.;Wakeify;"Oggi scegli una sola azione concreta legata a ""varie"" e falla entro stasera, anche se è minuscola.";"{
  text: ""Ogni passo verso il cambiamento in varie nasce da una scelta minuscola ma coerente."",
  author: ""Wakeify"",
  note: ""Oggi scegli una sola azione concreta legata a \""varie\"" e falla entro stasera, anche se è minuscola.""
},"
--/--;International Awareness Day #135;misc;Varie;Ogni passo verso il cambiamento in varie nasce da una scelta minuscola ma coerente.;Wakeify;"Oggi scegli una sola azione concreta legata a ""varie"" e falla entro stasera, anche se è minuscola.";"{
  text: ""Ogni passo verso il cambiamento in varie nasce da una scelta minuscola ma coerente."",
  author: ""Wakeify"",
  note: ""Oggi scegli una sola azione concreta legata a \""varie\"" e falla entro stasera, anche se è minuscola.""
},"
--/--;International Awareness Day #136;misc;Varie;Ogni passo verso il cambiamento in varie nasce da una scelta minuscola ma coerente.;Wakeify;"Oggi scegli una sola azione concreta legata a ""varie"" e falla entro stasera, anche se è minuscola.";"{
  text: ""Ogni passo verso il cambiamento in varie nasce da una scelta minuscola ma coerente."",
  author: ""Wakeify"",
  note: ""Oggi scegli una sola azione concreta legata a \""varie\"" e falla entro stasera, anche se è minuscola.""
},"
--/--;International Awareness Day #137;misc;Varie;Ogni passo verso il cambiamento in varie nasce da una scelta minuscola ma coerente.;Wakeify;"Oggi scegli una sola azione concreta legata a ""varie"" e falla entro stasera, anche se è minuscola.";"{
  text: ""Ogni passo verso il cambiamento in varie nasce da una scelta minuscola ma coerente."",
  author: ""Wakeify"",
  note: ""Oggi scegli una sola azione concreta legata a \""varie\"" e falla entro stasera, anche se è minuscola.""
},"
--/--;International Awareness Day #138;misc;Varie;Ogni passo verso il cambiamento in varie nasce da una scelta minuscola ma coerente.;Wakeify;"Oggi scegli una sola azione concreta legata a ""varie"" e falla entro stasera, anche se è minuscola.";"{
  text: ""Ogni passo verso il cambiamento in varie nasce da una scelta minuscola ma coerente."",
  author: ""Wakeify"",
  note: ""Oggi scegli una sola azione concreta legata a \""varie\"" e falla entro stasera, anche se è minuscola.""
},"
--/--;International Awareness Day #139;misc;Varie;Ogni passo verso il cambiamento in varie nasce da una scelta minuscola ma coerente.;Wakeify;"Oggi scegli una sola azione concreta legata a ""varie"" e falla entro stasera, anche se è minuscola.";"{
  text: ""Ogni passo verso il cambiamento in varie nasce da una scelta minuscola ma coerente."",
  author: ""Wakeify"",
  note: ""Oggi scegli una sola azione concreta legata a \""varie\"" e falla entro stasera, anche se è minuscola.""
},"
--/--;International Awareness Day #140;misc;Varie;Ogni passo verso il cambiamento in varie nasce da una scelta minuscola ma coerente.;Wakeify;"Oggi scegli una sola azione concreta legata a ""varie"" e falla entro stasera, anche se è minuscola.";"{
  text: ""Ogni passo verso il cambiamento in varie nasce da una scelta minuscola ma coerente."",
  author: ""Wakeify"",
  note: ""Oggi scegli una sola azione concreta legata a \""varie\"" e falla entro stasera, anche se è minuscola.""
},"
--/--;International Awareness Day #141;misc;Varie;Ogni passo verso il cambiamento in varie nasce da una scelta minuscola ma coerente.;Wakeify;"Oggi scegli una sola azione concreta legata a ""varie"" e falla entro stasera, anche se è minuscola.";"{
  text: ""Ogni passo verso il cambiamento in varie nasce da una scelta minuscola ma coerente."",
  author: ""Wakeify"",
  note: ""Oggi scegli una sola azione concreta legata a \""varie\"" e falla entro stasera, anche se è minuscola.""
},"
--/--;International Awareness Day #142;misc;Varie;Ogni passo verso il cambiamento in varie nasce da una scelta minuscola ma coerente.;Wakeify;"Oggi scegli una sola azione concreta legata a ""varie"" e falla entro stasera, anche se è minuscola.";"{
  text: ""Ogni passo verso il cambiamento in varie nasce da una scelta minuscola ma coerente."",
  author: ""Wakeify"",
  note: ""Oggi scegli una sola azione concreta legata a \""varie\"" e falla entro stasera, anche se è minuscola.""
},"
--/--;International Awareness Day #143;misc;Varie;Ogni passo verso il cambiamento in varie nasce da una scelta minuscola ma coerente.;Wakeify;"Oggi scegli una sola azione concreta legata a ""varie"" e falla entro stasera, anche se è minuscola.";"{
  text: ""Ogni passo verso il cambiamento in varie nasce da una scelta minuscola ma coerente."",
  author: ""Wakeify"",
  note: ""Oggi scegli una sola azione concreta legata a \""varie\"" e falla entro stasera, anche se è minuscola.""
},"
--/--;International Awareness Day #144;misc;Varie;Ogni passo verso il cambiamento in varie nasce da una scelta minuscola ma coerente.;Wakeify;"Oggi scegli una sola azione concreta legata a ""varie"" e falla entro stasera, anche se è minuscola.";"{
  text: ""Ogni passo verso il cambiamento in varie nasce da una scelta minuscola ma coerente."",
  author: ""Wakeify"",
  note: ""Oggi scegli una sola azione concreta legata a \""varie\"" e falla entro stasera, anche se è minuscola.""
},"
--/--;International Awareness Day #145;misc;Varie;Ogni passo verso il cambiamento in varie nasce da una scelta minuscola ma coerente.;Wakeify;"Oggi scegli una sola azione concreta legata a ""varie"" e falla entro stasera, anche se è minuscola.";"{
  text: ""Ogni passo verso il cambiamento in varie nasce da una scelta minuscola ma coerente."",
  author: ""Wakeify"",
  note: ""Oggi scegli una sola azione concreta legata a \""varie\"" e falla entro stasera, anche se è minuscola.""
},"
--/--;International Awareness Day #146;misc;Varie;Ogni passo verso il cambiamento in varie nasce da una scelta minuscola ma coerente.;Wakeify;"Oggi scegli una sola azione concreta legata a ""varie"" e falla entro stasera, anche se è minuscola.";"{
  text: ""Ogni passo verso il cambiamento in varie nasce da una scelta minuscola ma coerente."",
  author: ""Wakeify"",
  note: ""Oggi scegli una sola azione concreta legata a \""varie\"" e falla entro stasera, anche se è minuscola.""
},"
--/--;International Awareness Day #147;misc;Varie;Ogni passo verso il cambiamento in varie nasce da una scelta minuscola ma coerente.;Wakeify;"Oggi scegli una sola azione concreta legata a ""varie"" e falla entro stasera, anche se è minuscola.";"{
  text: ""Ogni passo verso il cambiamento in varie nasce da una scelta minuscola ma coerente."",
  author: ""Wakeify"",
  note: ""Oggi scegli una sola azione concreta legata a \""varie\"" e falla entro stasera, anche se è minuscola.""
},"
--/--;International Awareness Day #148;misc;Varie;Ogni passo verso il cambiamento in varie nasce da una scelta minuscola ma coerente.;Wakeify;"Oggi scegli una sola azione concreta legata a ""varie"" e falla entro stasera, anche se è minuscola.";"{
  text: ""Ogni passo verso il cambiamento in varie nasce da una scelta minuscola ma coerente."",
  author: ""Wakeify"",
  note: ""Oggi scegli una sola azione concreta legata a \""varie\"" e falla entro stasera, anche se è minuscola.""
},"
--/--;International Awareness Day #149;misc;Varie;Ogni passo verso il cambiamento in varie nasce da una scelta minuscola ma coerente.;Wakeify;"Oggi scegli una sola azione concreta legata a ""varie"" e falla entro stasera, anche se è minuscola.";"{
  text: ""Ogni passo verso il cambiamento in varie nasce da una scelta minuscola ma coerente."",
  author: ""Wakeify"",
  note: ""Oggi scegli una sola azione concreta legata a \""varie\"" e falla entro stasera, anche se è minuscola.""
},"
--/--;International Awareness Day #150;misc;Varie;Ogni passo verso il cambiamento in varie nasce da una scelta minuscola ma coerente.;Wakeify;"Oggi scegli una sola azione concreta legata a ""varie"" e falla entro stasera, anche se è minuscola.";"{
  text: ""Ogni passo verso il cambiamento in varie nasce da una scelta minuscola ma coerente."",
  author: ""Wakeify"",
  note: ""Oggi scegli una sola azione concreta legata a \""varie\"" e falla entro stasera, anche se è minuscola.""
},"
--/--;International Awareness Day #151;misc;Varie;Ogni passo verso il cambiamento in varie nasce da una scelta minuscola ma coerente.;Wakeify;"Oggi scegli una sola azione concreta legata a ""varie"" e falla entro stasera, anche se è minuscola.";"{
  text: ""Ogni passo verso il cambiamento in varie nasce da una scelta minuscola ma coerente."",
  author: ""Wakeify"",
  note: ""Oggi scegli una sola azione concreta legata a \""varie\"" e falla entro stasera, anche se è minuscola.""
},"
--/--;International Awareness Day #152;misc;Varie;Ogni passo verso il cambiamento in varie nasce da una scelta minuscola ma coerente.;Wakeify;"Oggi scegli una sola azione concreta legata a ""varie"" e falla entro stasera, anche se è minuscola.";"{
  text: ""Ogni passo verso il cambiamento in varie nasce da una scelta minuscola ma coerente."",
  author: ""Wakeify"",
  note: ""Oggi scegli una sola azione concreta legata a \""varie\"" e falla entro stasera, anche se è minuscola.""
},"
--/--;International Awareness Day #153;misc;Varie;Ogni passo verso il cambiamento in varie nasce da una scelta minuscola ma coerente.;Wakeify;"Oggi scegli una sola azione concreta legata a ""varie"" e falla entro stasera, anche se è minuscola.";"{
  text: ""Ogni passo verso il cambiamento in varie nasce da una scelta minuscola ma coerente."",
  author: ""Wakeify"",
  note: ""Oggi scegli una sola azione concreta legata a \""varie\"" e falla entro stasera, anche se è minuscola.""
},"
--/--;International Awareness Day #154;misc;Varie;Ogni passo verso il cambiamento in varie nasce da una scelta minuscola ma coerente.;Wakeify;"Oggi scegli una sola azione concreta legata a ""varie"" e falla entro stasera, anche se è minuscola.";"{
  text: ""Ogni passo verso il cambiamento in varie nasce da una scelta minuscola ma coerente."",
  author: ""Wakeify"",
  note: ""Oggi scegli una sola azione concreta legata a \""varie\"" e falla entro stasera, anche se è minuscola.""
},"
--/--;International Awareness Day #155;misc;Varie;Ogni passo verso il cambiamento in varie nasce da una scelta minuscola ma coerente.;Wakeify;"Oggi scegli una sola azione concreta legata a ""varie"" e falla entro stasera, anche se è minuscola.";"{
  text: ""Ogni passo verso il cambiamento in varie nasce da una scelta minuscola ma coerente."",
  author: ""Wakeify"",
  note: ""Oggi scegli una sola azione concreta legata a \""varie\"" e falla entro stasera, anche se è minuscola.""
},"
--/--;International Awareness Day #156;misc;Varie;Ogni passo verso il cambiamento in varie nasce da una scelta minuscola ma coerente.;Wakeify;"Oggi scegli una sola azione concreta legata a ""varie"" e falla entro stasera, anche se è minuscola.";"{
  text: ""Ogni passo verso il cambiamento in varie nasce da una scelta minuscola ma coerente."",
  author: ""Wakeify"",
  note: ""Oggi scegli una sola azione concreta legata a \""varie\"" e falla entro stasera, anche se è minuscola.""
},"
--/--;International Awareness Day #157;misc;Varie;Ogni passo verso il cambiamento in varie nasce da una scelta minuscola ma coerente.;Wakeify;"Oggi scegli una sola azione concreta legata a ""varie"" e falla entro stasera, anche se è minuscola.";"{
  text: ""Ogni passo verso il cambiamento in varie nasce da una scelta minuscola ma coerente."",
  author: ""Wakeify"",
  note: ""Oggi scegli una sola azione concreta legata a \""varie\"" e falla entro stasera, anche se è minuscola.""
},"
--/--;International Awareness Day #158;misc;Varie;Ogni passo verso il cambiamento in varie nasce da una scelta minuscola ma coerente.;Wakeify;"Oggi scegli una sola azione concreta legata a ""varie"" e falla entro stasera, anche se è minuscola.";"{
  text: ""Ogni passo verso il cambiamento in varie nasce da una scelta minuscola ma coerente."",
  author: ""Wakeify"",
  note: ""Oggi scegli una sola azione concreta legata a \""varie\"" e falla entro stasera, anche se è minuscola.""
},"
--/--;International Awareness Day #159;misc;Varie;Ogni passo verso il cambiamento in varie nasce da una scelta minuscola ma coerente.;Wakeify;"Oggi scegli una sola azione concreta legata a ""varie"" e falla entro stasera, anche se è minuscola.";"{
  text: ""Ogni passo verso il cambiamento in varie nasce da una scelta minuscola ma coerente."",
  author: ""Wakeify"",
  note: ""Oggi scegli una sola azione concreta legata a \""varie\"" e falla entro stasera, anche se è minuscola.""
},"
--/--;International Awareness Day #160;misc;Varie;Ogni passo verso il cambiamento in varie nasce da una scelta minuscola ma coerente.;Wakeify;"Oggi scegli una sola azione concreta legata a ""varie"" e falla entro stasera, anche se è minuscola.";"{
  text: ""Ogni passo verso il cambiamento in varie nasce da una scelta minuscola ma coerente."",
  author: ""Wakeify"",
  note: ""Oggi scegli una sola azione concreta legata a \""varie\"" e falla entro stasera, anche se è minuscola.""
},"
--/--;International Awareness Day #161;misc;Varie;Ogni passo verso il cambiamento in varie nasce da una scelta minuscola ma coerente.;Wakeify;"Oggi scegli una sola azione concreta legata a ""varie"" e falla entro stasera, anche se è minuscola.";"{
  text: ""Ogni passo verso il cambiamento in varie nasce da una scelta minuscola ma coerente."",
  author: ""Wakeify"",
  note: ""Oggi scegli una sola azione concreta legata a \""varie\"" e falla entro stasera, anche se è minuscola.""
},"
--/--;International Awareness Day #162;misc;Varie;Ogni passo verso il cambiamento in varie nasce da una scelta minuscola ma coerente.;Wakeify;"Oggi scegli una sola azione concreta legata a ""varie"" e falla entro stasera, anche se è minuscola.";"{
  text: ""Ogni passo verso il cambiamento in varie nasce da una scelta minuscola ma coerente."",
  author: ""Wakeify"",
  note: ""Oggi scegli una sola azione concreta legata a \""varie\"" e falla entro stasera, anche se è minuscola.""
},"
--/--;International Awareness Day #163;misc;Varie;Ogni passo verso il cambiamento in varie nasce da una scelta minuscola ma coerente.;Wakeify;"Oggi scegli una sola azione concreta legata a ""varie"" e falla entro stasera, anche se è minuscola.";"{
  text: ""Ogni passo verso il cambiamento in varie nasce da una scelta minuscola ma coerente."",
  author: ""Wakeify"",
  note: ""Oggi scegli una sola azione concreta legata a \""varie\"" e falla entro stasera, anche se è minuscola.""
},"
--/--;International Awareness Day #164;misc;Varie;Ogni passo verso il cambiamento in varie nasce da una scelta minuscola ma coerente.;Wakeify;"Oggi scegli una sola azione concreta legata a ""varie"" e falla entro stasera, anche se è minuscola.";"{
  text: ""Ogni passo verso il cambiamento in varie nasce da una scelta minuscola ma coerente."",
  author: ""Wakeify"",
  note: ""Oggi scegli una sola azione concreta legata a \""varie\"" e falla entro stasera, anche se è minuscola.""
},"
--/--;International Awareness Day #165;misc;Varie;Ogni passo verso il cambiamento in varie nasce da una scelta minuscola ma coerente.;Wakeify;"Oggi scegli una sola azione concreta legata a ""varie"" e falla entro stasera, anche se è minuscola.";"{
  text: ""Ogni passo verso il cambiamento in varie nasce da una scelta minuscola ma coerente."",
  author: ""Wakeify"",
  note: ""Oggi scegli una sola azione concreta legata a \""varie\"" e falla entro stasera, anche se è minuscola.""
},"
--/--;International Awareness Day #166;misc;Varie;Ogni passo verso il cambiamento in varie nasce da una scelta minuscola ma coerente.;Wakeify;"Oggi scegli una sola azione concreta legata a ""varie"" e falla entro stasera, anche se è minuscola.";"{
  text: ""Ogni passo verso il cambiamento in varie nasce da una scelta minuscola ma coerente."",
  author: ""Wakeify"",
  note: ""Oggi scegli una sola azione concreta legata a \""varie\"" e falla entro stasera, anche se è minuscola.""
},"
--/--;International Awareness Day #167;misc;Varie;Ogni passo verso il cambiamento in varie nasce da una scelta minuscola ma coerente.;Wakeify;"Oggi scegli una sola azione concreta legata a ""varie"" e falla entro stasera, anche se è minuscola.";"{
  text: ""Ogni passo verso il cambiamento in varie nasce da una scelta minuscola ma coerente."",
  author: ""Wakeify"",
  note: ""Oggi scegli una sola azione concreta legata a \""varie\"" e falla entro stasera, anche se è minuscola.""
},"
--/--;International Awareness Day #168;misc;Varie;Ogni passo verso il cambiamento in varie nasce da una scelta minuscola ma coerente.;Wakeify;"Oggi scegli una sola azione concreta legata a ""varie"" e falla entro stasera, anche se è minuscola.";"{
  text: ""Ogni passo verso il cambiamento in varie nasce da una scelta minuscola ma coerente."",
  author: ""Wakeify"",
  note: ""Oggi scegli una sola azione concreta legata a \""varie\"" e falla entro stasera, anche se è minuscola.""
},"
--/--;International Awareness Day #169;misc;Varie;Ogni passo verso il cambiamento in varie nasce da una scelta minuscola ma coerente.;Wakeify;"Oggi scegli una sola azione concreta legata a ""varie"" e falla entro stasera, anche se è minuscola.";"{
  text: ""Ogni passo verso il cambiamento in varie nasce da una scelta minuscola ma coerente."",
  author: ""Wakeify"",
  note: ""Oggi scegli una sola azione concreta legata a \""varie\"" e falla entro stasera, anche se è minuscola.""
},"
--/--;International Awareness Day #170;misc;Varie;Ogni passo verso il cambiamento in varie nasce da una scelta minuscola ma coerente.;Wakeify;"Oggi scegli una sola azione concreta legata a ""varie"" e falla entro stasera, anche se è minuscola.";"{
  text: ""Ogni passo verso il cambiamento in varie nasce da una scelta minuscola ma coerente."",
  author: ""Wakeify"",
  note: ""Oggi scegli una sola azione concreta legata a \""varie\"" e falla entro stasera, anche se è minuscola.""
},"
--/--;International Awareness Day #171;misc;Varie;Ogni passo verso il cambiamento in varie nasce da una scelta minuscola ma coerente.;Wakeify;"Oggi scegli una sola azione concreta legata a ""varie"" e falla entro stasera, anche se è minuscola.";"{
  text: ""Ogni passo verso il cambiamento in varie nasce da una scelta minuscola ma coerente."",
  author: ""Wakeify"",
  note: ""Oggi scegli una sola azione concreta legata a \""varie\"" e falla entro stasera, anche se è minuscola.""
},"
--/--;International Awareness Day #172;misc;Varie;Ogni passo verso il cambiamento in varie nasce da una scelta minuscola ma coerente.;Wakeify;"Oggi scegli una sola azione concreta legata a ""varie"" e falla entro stasera, anche se è minuscola.";"{
  text: ""Ogni passo verso il cambiamento in varie nasce da una scelta minuscola ma coerente."",
  author: ""Wakeify"",
  note: ""Oggi scegli una sola azione concreta legata a \""varie\"" e falla entro stasera, anche se è minuscola.""
},"
--/--;International Awareness Day #173;misc;Varie;Ogni passo verso il cambiamento in varie nasce da una scelta minuscola ma coerente.;Wakeify;"Oggi scegli una sola azione concreta legata a ""varie"" e falla entro stasera, anche se è minuscola.";"{
  text: ""Ogni passo verso il cambiamento in varie nasce da una scelta minuscola ma coerente."",
  author: ""Wakeify"",
  note: ""Oggi scegli una sola azione concreta legata a \""varie\"" e falla entro stasera, anche se è minuscola.""
},"
--/--;International Awareness Day #174;misc;Varie;Ogni passo verso il cambiamento in varie nasce da una scelta minuscola ma coerente.;Wakeify;"Oggi scegli una sola azione concreta legata a ""varie"" e falla entro stasera, anche se è minuscola.";"{
  text: ""Ogni passo verso il cambiamento in varie nasce da una scelta minuscola ma coerente."",
  author: ""Wakeify"",
  note: ""Oggi scegli una sola azione concreta legata a \""varie\"" e falla entro stasera, anche se è minuscola.""
},"
--/--;International Awareness Day #175;misc;Varie;Ogni passo verso il cambiamento in varie nasce da una scelta minuscola ma coerente.;Wakeify;"Oggi scegli una sola azione concreta legata a ""varie"" e falla entro stasera, anche se è minuscola.";"{
  text: ""Ogni passo verso il cambiamento in varie nasce da una scelta minuscola ma coerente."",
  author: ""Wakeify"",
  note: ""Oggi scegli una sola azione concreta legata a \""varie\"" e falla entro stasera, anche se è minuscola.""
},"
--/--;International Awareness Day #176;misc;Varie;Ogni passo verso il cambiamento in varie nasce da una scelta minuscola ma coerente.;Wakeify;"Oggi scegli una sola azione concreta legata a ""varie"" e falla entro stasera, anche se è minuscola.";"{
  text: ""Ogni passo verso il cambiamento in varie nasce da una scelta minuscola ma coerente."",
  author: ""Wakeify"",
  note: ""Oggi scegli una sola azione concreta legata a \""varie\"" e falla entro stasera, anche se è minuscola.""
},"
--/--;International Awareness Day #177;misc;Varie;Ogni passo verso il cambiamento in varie nasce da una scelta minuscola ma coerente.;Wakeify;"Oggi scegli una sola azione concreta legata a ""varie"" e falla entro stasera, anche se è minuscola.";"{
  text: ""Ogni passo verso il cambiamento in varie nasce da una scelta minuscola ma coerente."",
  author: ""Wakeify"",
  note: ""Oggi scegli una sola azione concreta legata a \""varie\"" e falla entro stasera, anche se è minuscola.""
},"
--/--;International Awareness Day #178;misc;Varie;Ogni passo verso il cambiamento in varie nasce da una scelta minuscola ma coerente.;Wakeify;"Oggi scegli una sola azione concreta legata a ""varie"" e falla entro stasera, anche se è minuscola.";"{
  text: ""Ogni passo verso il cambiamento in varie nasce da una scelta minuscola ma coerente."",
  author: ""Wakeify"",
  note: ""Oggi scegli una sola azione concreta legata a \""varie\"" e falla entro stasera, anche se è minuscola.""
},"
--/--;International Awareness Day #179;misc;Varie;Ogni passo verso il cambiamento in varie nasce da una scelta minuscola ma coerente.;Wakeify;"Oggi scegli una sola azione concreta legata a ""varie"" e falla entro stasera, anche se è minuscola.";"{
  text: ""Ogni passo verso il cambiamento in varie nasce da una scelta minuscola ma coerente."",
  author: ""Wakeify"",
  note: ""Oggi scegli una sola azione concreta legata a \""varie\"" e falla entro stasera, anche se è minuscola.""
},"
--/--;International Awareness Day #180;misc;Varie;Ogni passo verso il cambiamento in varie nasce da una scelta minuscola ma coerente.;Wakeify;"Oggi scegli una sola azione concreta legata a ""varie"" e falla entro stasera, anche se è minuscola.";"{
  text: ""Ogni passo verso il cambiamento in varie nasce da una scelta minuscola ma coerente."",
  author: ""Wakeify"",
  note: ""Oggi scegli una sola azione concreta legata a \""varie\"" e falla entro stasera, anche se è minuscola.""
},"
--/--;International Awareness Day #181;misc;Varie;Ogni passo verso il cambiamento in varie nasce da una scelta minuscola ma coerente.;Wakeify;"Oggi scegli una sola azione concreta legata a ""varie"" e falla entro stasera, anche se è minuscola.";"{
  text: ""Ogni passo verso il cambiamento in varie nasce da una scelta minuscola ma coerente."",
  author: ""Wakeify"",
  note: ""Oggi scegli una sola azione concreta legata a \""varie\"" e falla entro stasera, anche se è minuscola.""
},"
--/--;International Awareness Day #182;misc;Varie;Ogni passo verso il cambiamento in varie nasce da una scelta minuscola ma coerente.;Wakeify;"Oggi scegli una sola azione concreta legata a ""varie"" e falla entro stasera, anche se è minuscola.";"{
  text: ""Ogni passo verso il cambiamento in varie nasce da una scelta minuscola ma coerente."",
  author: ""Wakeify"",
  note: ""Oggi scegli una sola azione concreta legata a \""varie\"" e falla entro stasera, anche se è minuscola.""
},"
--/--;International Awareness Day #183;misc;Varie;Ogni passo verso il cambiamento in varie nasce da una scelta minuscola ma coerente.;Wakeify;"Oggi scegli una sola azione concreta legata a ""varie"" e falla entro stasera, anche se è minuscola.";"{
  text: ""Ogni passo verso il cambiamento in varie nasce da una scelta minuscola ma coerente."",
  author: ""Wakeify"",
  note: ""Oggi scegli una sola azione concreta legata a \""varie\"" e falla entro stasera, anche se è minuscola.""
},"
--/--;International Awareness Day #184;misc;Varie;Ogni passo verso il cambiamento in varie nasce da una scelta minuscola ma coerente.;Wakeify;"Oggi scegli una sola azione concreta legata a ""varie"" e falla entro stasera, anche se è minuscola.";"{
  text: ""Ogni passo verso il cambiamento in varie nasce da una scelta minuscola ma coerente."",
  author: ""Wakeify"",
  note: ""Oggi scegli una sola azione concreta legata a \""varie\"" e falla entro stasera, anche se è minuscola.""
},"
--/--;International Awareness Day #185;misc;Varie;Ogni passo verso il cambiamento in varie nasce da una scelta minuscola ma coerente.;Wakeify;"Oggi scegli una sola azione concreta legata a ""varie"" e falla entro stasera, anche se è minuscola.";"{
  text: ""Ogni passo verso il cambiamento in varie nasce da una scelta minuscola ma coerente."",
  author: ""Wakeify"",
  note: ""Oggi scegli una sola azione concreta legata a \""varie\"" e falla entro stasera, anche se è minuscola.""
},"
--/--;International Awareness Day #186;misc;Varie;Ogni passo verso il cambiamento in varie nasce da una scelta minuscola ma coerente.;Wakeify;"Oggi scegli una sola azione concreta legata a ""varie"" e falla entro stasera, anche se è minuscola.";"{
  text: ""Ogni passo verso il cambiamento in varie nasce da una scelta minuscola ma coerente."",
  author: ""Wakeify"",
  note: ""Oggi scegli una sola azione concreta legata a \""varie\"" e falla entro stasera, anche se è minuscola.""
},"
--/--;International Awareness Day #187;misc;Varie;Ogni passo verso il cambiamento in varie nasce da una scelta minuscola ma coerente.;Wakeify;"Oggi scegli una sola azione concreta legata a ""varie"" e falla entro stasera, anche se è minuscola.";"{
  text: ""Ogni passo verso il cambiamento in varie nasce da una scelta minuscola ma coerente."",
  author: ""Wakeify"",
  note: ""Oggi scegli una sola azione concreta legata a \""varie\"" e falla entro stasera, anche se è minuscola.""
},"
--/--;International Awareness Day #188;misc;Varie;Ogni passo verso il cambiamento in varie nasce da una scelta minuscola ma coerente.;Wakeify;"Oggi scegli una sola azione concreta legata a ""varie"" e falla entro stasera, anche se è minuscola.";"{
  text: ""Ogni passo verso il cambiamento in varie nasce da una scelta minuscola ma coerente."",
  author: ""Wakeify"",
  note: ""Oggi scegli una sola azione concreta legata a \""varie\"" e falla entro stasera, anche se è minuscola.""
},"
--/--;International Awareness Day #189;misc;Varie;Ogni passo verso il cambiamento in varie nasce da una scelta minuscola ma coerente.;Wakeify;"Oggi scegli una sola azione concreta legata a ""varie"" e falla entro stasera, anche se è minuscola.";"{
  text: ""Ogni passo verso il cambiamento in varie nasce da una scelta minuscola ma coerente."",
  author: ""Wakeify"",
  note: ""Oggi scegli una sola azione concreta legata a \""varie\"" e falla entro stasera, anche se è minuscola.""
},"
--/--;International Awareness Day #190;misc;Varie;Ogni passo verso il cambiamento in varie nasce da una scelta minuscola ma coerente.;Wakeify;"Oggi scegli una sola azione concreta legata a ""varie"" e falla entro stasera, anche se è minuscola.";"{
  text: ""Ogni passo verso il cambiamento in varie nasce da una scelta minuscola ma coerente."",
  author: ""Wakeify"",
  note: ""Oggi scegli una sola azione concreta legata a \""varie\"" e falla entro stasera, anche se è minuscola.""
},"
--/--;International Awareness Day #191;misc;Varie;Ogni passo verso il cambiamento in varie nasce da una scelta minuscola ma coerente.;Wakeify;"Oggi scegli una sola azione concreta legata a ""varie"" e falla entro stasera, anche se è minuscola.";"{
  text: ""Ogni passo verso il cambiamento in varie nasce da una scelta minuscola ma coerente."",
  author: ""Wakeify"",
  note: ""Oggi scegli una sola azione concreta legata a \""varie\"" e falla entro stasera, anche se è minuscola.""
},"
--/--;International Awareness Day #192;misc;Varie;Ogni passo verso il cambiamento in varie nasce da una scelta minuscola ma coerente.;Wakeify;"Oggi scegli una sola azione concreta legata a ""varie"" e falla entro stasera, anche se è minuscola.";"{
  text: ""Ogni passo verso il cambiamento in varie nasce da una scelta minuscola ma coerente."",
  author: ""Wakeify"",
  note: ""Oggi scegli una sola azione concreta legata a \""varie\"" e falla entro stasera, anche se è minuscola.""
},"
--/--;International Awareness Day #193;misc;Varie;Ogni passo verso il cambiamento in varie nasce da una scelta minuscola ma coerente.;Wakeify;"Oggi scegli una sola azione concreta legata a ""varie"" e falla entro stasera, anche se è minuscola.";"{
  text: ""Ogni passo verso il cambiamento in varie nasce da una scelta minuscola ma coerente."",
  author: ""Wakeify"",
  note: ""Oggi scegli una sola azione concreta legata a \""varie\"" e falla entro stasera, anche se è minuscola.""
},"
--/--;International Awareness Day #194;misc;Varie;Ogni passo verso il cambiamento in varie nasce da una scelta minuscola ma coerente.;Wakeify;"Oggi scegli una sola azione concreta legata a ""varie"" e falla entro stasera, anche se è minuscola.";"{
  text: ""Ogni passo verso il cambiamento in varie nasce da una scelta minuscola ma coerente."",
  author: ""Wakeify"",
  note: ""Oggi scegli una sola azione concreta legata a \""varie\"" e falla entro stasera, anche se è minuscola.""
},"
--/--;International Awareness Day #195;misc;Varie;Ogni passo verso il cambiamento in varie nasce da una scelta minuscola ma coerente.;Wakeify;"Oggi scegli una sola azione concreta legata a ""varie"" e falla entro stasera, anche se è minuscola.";"{
  text: ""Ogni passo verso il cambiamento in varie nasce da una scelta minuscola ma coerente."",
  author: ""Wakeify"",
  note: ""Oggi scegli una sola azione concreta legata a \""varie\"" e falla entro stasera, anche se è minuscola.""
},"
--/--;International Awareness Day #196;misc;Varie;Ogni passo verso il cambiamento in varie nasce da una scelta minuscola ma coerente.;Wakeify;"Oggi scegli una sola azione concreta legata a ""varie"" e falla entro stasera, anche se è minuscola.";"{
  text: ""Ogni passo verso il cambiamento in varie nasce da una scelta minuscola ma coerente."",
  author: ""Wakeify"",
  note: ""Oggi scegli una sola azione concreta legata a \""varie\"" e falla entro stasera, anche se è minuscola.""
},"
--/--;International Awareness Day #197;misc;Varie;Ogni passo verso il cambiamento in varie nasce da una scelta minuscola ma coerente.;Wakeify;"Oggi scegli una sola azione concreta legata a ""varie"" e falla entro stasera, anche se è minuscola.";"{
  text: ""Ogni passo verso il cambiamento in varie nasce da una scelta minuscola ma coerente."",
  author: ""Wakeify"",
  note: ""Oggi scegli una sola azione concreta legata a \""varie\"" e falla entro stasera, anche se è minuscola.""
},"
--/--;International Awareness Day #198;misc;Varie;Ogni passo verso il cambiamento in varie nasce da una scelta minuscola ma coerente.;Wakeify;"Oggi scegli una sola azione concreta legata a ""varie"" e falla entro stasera, anche se è minuscola.";"{
  text: ""Ogni passo verso il cambiamento in varie nasce da una scelta minuscola ma coerente."",
  author: ""Wakeify"",
  note: ""Oggi scegli una sola azione concreta legata a \""varie\"" e falla entro stasera, anche se è minuscola.""
},"
--/--;International Awareness Day #199;misc;Varie;Ogni passo verso il cambiamento in varie nasce da una scelta minuscola ma coerente.;Wakeify;"Oggi scegli una sola azione concreta legata a ""varie"" e falla entro stasera, anche se è minuscola.";"{
  text: ""Ogni passo verso il cambiamento in varie nasce da una scelta minuscola ma coerente."",
  author: ""Wakeify"",
  note: ""Oggi scegli una sola azione concreta legata a \""varie\"" e falla entro stasera, anche se è minuscola.""
},"
--/--;International Awareness Day #200;misc;Varie;Ogni passo verso il cambiamento in varie nasce da una scelta minuscola ma coerente.;Wakeify;"Oggi scegli una sola azione concreta legata a ""varie"" e falla entro stasera, anche se è minuscola.";"{
  text: ""Ogni passo verso il cambiamento in varie nasce da una scelta minuscola ma coerente."",
  author: ""Wakeify"",
  note: ""Oggi scegli una sola azione concreta legata a \""varie\"" e falla entro stasera, anche se è minuscola.""
},"
